section,rule,book,cagr,maxdd,sharpe,sh1,sh2,better_both_halves,fall_not_deeper,passes,on,off,n_on,n_off,t
A,baseline: Nifty 200-day switch,momentum,15.942021758517178,-25.019663050675366,1.066816404868174,1.1709495509598002,0.9562224640857798,,,,,,,,
A,baseline: own 200-day per ETF,etf_trend,14.279893721316771,-13.233774553037502,1.4488985336908962,1.3629592742354946,1.5297145975339865,,,,,,,,
A1,baseline (same period),momentum,21.6749785428372,-25.088383678489347,1.34491708004441,1.0970207490013442,1.6611108833197106,,,,,,,,
A1,baseline (same period),etf_trend,18.192586402071665,-12.46366487850108,1.6422733745798532,1.4942368488202022,1.7795009203840002,,,,,,,,
A1,P/E not in top 20% of 5y (alone),momentum,4.534068849589246,-33.56821343806718,0.3542966490154989,-0.11704639221912108,0.8271913286747701,False,False,False,,,,,
A1,P/E not in top 20% of 5y + 200-day,momentum,11.2477457429502,-25.230762851780298,0.9111839276307045,-0.0134597965812874,1.6600511175454091,False,False,False,,,,,
A1,P/E not in top 20% of 5y (alone),etf_trend,16.222155172635368,-24.508379665417323,1.3095991116436088,0.935938265298234,1.6678105095525195,False,False,False,,,,,
A1,P/E not in top 20% of 5y + 200-day,etf_trend,15.706705031878432,-12.440238239190016,1.4847283310629242,1.1440068190957666,1.781064993668584,False,True,False,,,,,
A1,P/E not in top 10% of 5y (alone),momentum,6.0965609003066135,-33.56821343806718,0.43938646839361317,0.06329631158291305,0.8340144788002786,False,False,False,,,,,
A1,P/E not in top 10% of 5y + 200-day,momentum,12.898399267808047,-25.349470321955746,0.9992451754985961,0.2284292457153027,1.6782207127714817,False,False,False,,,,,
A1,P/E not in top 10% of 5y (alone),etf_trend,16.8632589476875,-24.508379665417323,1.3538990381509388,1.0412929423025885,1.6562505315759344,False,False,False,,,,,
A1,P/E not in top 10% of 5y + 200-day,etf_trend,16.47736356087881,-12.45609393574144,1.5458289984166025,1.2777278768653975,1.7821184003850465,False,True,False,,,,,
A1,P/E not in top 30% of 5y (alone),momentum,3.4740782068445553,-32.55892024354041,0.2955202192379799,-0.2527617904783227,0.8189455940196896,False,False,False,,,,,
A1,P/E not in top 30% of 5y + 200-day,momentum,9.857762956127413,-25.261158157373455,0.8293640037070494,-0.25433064265983857,1.6546257646384113,False,False,False,,,,,
A1,P/E not in top 30% of 5y (alone),etf_trend,16.5075562543594,-22.948429471382326,1.341950832073695,0.9962858420774359,1.6673289587628257,False,False,False,,,,,
A1,P/E not in top 30% of 5y + 200-day,etf_trend,15.996340245319907,-12.47591749598006,1.5359361453972737,1.2563621675310164,1.776741290434959,False,False,False,,,,,
A1,forward 1m: P/E not in top 20% (on) vs top 20% (off),nifty,,,,,,,,,0.6243577373600984,2.857301679469516,70.0,13.0,-1.5518418877578368
A1,forward 3m: P/E not in top 20% (on) vs top 20% (off),nifty,,,,,,,,,2.4339172622871454,6.546041967528262,68.0,13.0,-0.7547757681874065
A1,forward 6m: P/E not in top 20% (on) vs top 20% (off),nifty,,,,,,,,,5.744689374030898,15.029123631313777,65.0,13.0,-0.8326316751319771
A2,FII long ratio 20%/80%: as the switch,momentum,2.374047020688974,-34.52736336716625,0.24730883619326433,0.21896649813200672,0.27488360203175605,False,False,False,,,,,
A2,FII long ratio 20%/80%: override 200-day cash at contrarian buy,momentum,12.09076306009913,-35.3377723927767,0.772066263126215,0.7027015076014426,0.8581605991492736,False,False,False,,,,,
A2,FII long ratio 20%/80%: as the switch,etf_trend,13.779780778976281,-23.82176956628722,1.3299552789606541,1.09338026335489,1.563276768906354,False,False,False,,,,,
A2,FII long ratio 20%/80%: override at contrarian buy,etf_trend,13.496205240597114,-24.206406912908797,1.267720223457453,1.0453307120993918,1.4882312221729739,False,False,False,,,,,
A2,FII long ratio 10%/90%: as the switch,momentum,-0.2494242848777417,-34.93403087899928,0.0502505474855024,0.05712255099312876,0.04353057854302583,False,False,False,,,,,
A2,FII long ratio 10%/90%: override 200-day cash at contrarian buy,momentum,12.298390627655742,-34.999773873477736,0.7843042554782768,0.717225784020417,0.8676129649594718,False,False,False,,,,,
A2,FII long ratio 10%/90%: as the switch,etf_trend,11.905239649440635,-24.07691830786809,1.142047788959768,0.8911139829961245,1.3838965953183981,False,False,False,,,,,
A2,FII long ratio 10%/90%: override at contrarian buy,etf_trend,13.519664468706072,-23.881776294555767,1.2681411998740553,1.0227352993073757,1.5122177577356686,False,False,False,,,,,
A2,FII long ratio 30%/70%: as the switch,momentum,4.737884377363777,-33.74821655091033,0.42471110422149916,0.1685388452448833,0.6655563911914719,False,False,False,,,,,
A2,FII long ratio 30%/70%: override 200-day cash at contrarian buy,momentum,10.78300876384224,-35.3377723927767,0.6925816566490882,0.7267386953836855,0.6566853492960318,False,False,False,,,,,
A2,FII long ratio 30%/70%: as the switch,etf_trend,13.132052718195553,-24.01655947242135,1.2770708923560212,1.1309929817064275,1.4231425934913933,False,False,False,,,,,
A2,FII long ratio 30%/70%: override at contrarian buy,etf_trend,13.549654375496157,-24.20275712287253,1.2502368322367265,1.1211884617877472,1.3797822110205629,False,False,False,,,,,
A2,forward 1m: FII long ratio: contrarian state on vs off,nifty,,,,,,,,,0.8498940724039425,0.9361419835977406,90.0,54.0,-0.12462944715350616
A2,forward 3m: FII long ratio: contrarian state on vs off,nifty,,,,,,,,,2.430395344046525,3.177273973933116,88.0,54.0,-0.4464366430228526
A2,forward 6m: FII long ratio: contrarian state on vs off,nifty,,,,,,,,,3.546217084006624,8.656707763898277,85.0,54.0,-1.3637991005362309
A3,PCR 20%/80%: as the switch,momentum,12.55873643970704,-18.717832653680567,1.2278442902700264,1.152004264358141,1.3424464363140562,False,True,False,,,,,
A3,PCR 20%/80%: override 200-day cash at contrarian buy,momentum,16.539060250098103,-25.05739165579468,1.0939990722421047,1.196563076355848,0.9848073759128398,True,False,False,,,,,
A3,PCR 20%/80%: as the switch,etf_trend,16.28598701975248,-15.203872182440026,1.7307531961318336,1.3241147087647411,2.1325263179102785,False,False,False,,,,,
A3,PCR 20%/80%: override at contrarian buy,etf_trend,14.928631496887146,-13.814994043591422,1.4951682414420964,1.4119531218605101,1.5736944292999877,True,False,False,,,,,
A3,PCR 10%/90%: as the switch,momentum,10.364909875718809,-22.549623932385177,0.9988285120139976,1.342324219285453,0.551847078072989,False,True,False,,,,,
A3,PCR 10%/90%: override 200-day cash at contrarian buy,momentum,16.191879927293673,-25.05739165579468,1.0754105482806802,1.196563076355848,0.9459653645176979,False,False,False,,,,,
A3,PCR 10%/90%: as the switch,etf_trend,14.977623770591064,-14.352708140972936,1.6079770128002913,1.4289615434059078,1.7784255403250384,True,False,False,,,,,
A3,PCR 10%/90%: override at contrarian buy,etf_trend,14.730708006730442,-12.836591498697558,1.4793121853442723,1.4119175556623942,1.543455621734629,True,True,True,,,,,
A3,PCR 30%/70%: as the switch,momentum,10.524069387705515,-22.401872782197273,1.00734211530163,0.8122279141555359,1.2286124209663098,False,True,False,,,,,
A3,PCR 30%/70%: override 200-day cash at contrarian buy,momentum,16.860938795054103,-24.836680593028394,1.110278561202715,1.229629666704195,0.9828651832069651,True,True,True,,,,,
A3,PCR 30%/70%: as the switch,etf_trend,15.807921915325739,-14.677114202920727,1.6775170283094596,1.3939652707300436,1.9512321761479843,True,False,False,,,,,
A3,PCR 30%/70%: override at contrarian buy,etf_trend,15.013615006616266,-14.006659611325844,1.5005127755965324,1.4239036046566687,1.573047813731627,True,False,False,,,,,
A3,forward 1m: PCR: contrarian state on vs off,nifty,,,,,,,,,1.3174952008542005,0.4469788773490334,72.0,72.0,1.1558978598523866
A3,forward 3m: PCR: contrarian state on vs off,nifty,,,,,,,,,2.8484053271878023,2.576605733013724,72.0,70.0,0.25517116560784703
A3,forward 6m: PCR: contrarian state on vs off,nifty,,,,,,,,,4.660038197411366,6.415768080757601,70.0,69.0,-0.6624765147751778
