section,rule,book,cagr,maxdd,sharpe,sh1,sh2,better_both_halves,fall_not_deeper,passes,months,flagged,mean_pct,t
B,baseline,momentum,15.942021758517178,-25.019663050675366,1.066816404868174,1.1709495509598002,0.9562224640857798,,,,,,,
B,"B1 price up, futures OI down >10%",momentum,18.042915803440017,-17.687655681508886,1.210482454453711,1.3074956548624144,1.1066092869794832,True,True,True,,,,
B,"spread: B1 price up, futures OI down >10%",cross-section,,,,,,,,,77.0,226.0,0.10520544754354165,0.16173043728368183
B,"B1 price up, futures OI down >5%",momentum,17.425594130451707,-16.560209214805788,1.1827414640610403,1.2523287264176592,1.1086788580745313,True,True,True,,,,
B,"spread: B1 price up, futures OI down >5%",cross-section,,,,,,,,,89.0,335.0,0.10146436979703866,0.19247674277413432
B,"B1 price up, futures OI down >15%",momentum,18.160218226158143,-18.814417864927325,1.2117669758044831,1.2814618233774384,1.1379863069027945,True,True,True,,,,
B,"spread: B1 price up, futures OI down >15%",cross-section,,,,,,,,,62.0,151.0,0.25503542404190893,0.2851008713582843
B,B2 delivery % falling (bottom 33%),momentum,14.427081298109389,-19.088353610119434,1.038189298669124,1.01405730445158,1.064833318885021,False,True,False,,,,
B,spread: B2 delivery % falling (bottom 33%),cross-section,,,,,,,,,100.0,349.0,-0.23735505761378434,-0.47047081784032896
B,B2 delivery % falling (bottom 25%),momentum,16.86596537916727,-20.76290214353603,1.1605558397105136,1.253455608592021,1.0604226177119658,True,True,True,,,,
B,spread: B2 delivery % falling (bottom 25%),cross-section,,,,,,,,,100.0,277.0,-0.24864458700711217,-0.4630574794020374
B,B2 delivery % falling (bottom 50%),momentum,17.12794239260298,-16.78228521447934,1.2158347286748943,1.1850636866099977,1.2466680572914923,True,True,True,,,,
B,spread: B2 delivery % falling (bottom 50%),cross-section,,,,,,,,,100.0,529.0,-0.2190896159800572,-0.4359603955176383
B,"B3 insider: promoter buys +5 ranks, big sells -5",momentum,16.639071670439233,-24.93154135106729,1.103967407973915,1.2502113062665876,0.9487022645475648,False,True,False,,,,
B,"B3 insider: promoter buys +3 ranks, big sells -3",momentum,16.715049162047446,-25.029050672808427,1.108177344295413,1.2380034762833731,0.9701668744133738,True,False,False,,,,
B,"B3 insider: promoter buys +8 ranks, big sells -8",momentum,16.79227669914689,-23.254921756080215,1.1154412713083408,1.2566178817872349,0.9665722812279682,True,True,True,,,,
B,spread: B3 promoter buying in 60 days (top-20 names),cross-section,,,,,,,,,70.0,131.0,-0.6523814117395208,-1.1209086441738447
