section,rule,book,cagr,maxdd,sharpe,sh1,sh2,better_both_halves,fall_not_deeper,passes
C1,live ETF basket (same period),etf_trend,14.29662862771346,-13.29174247379228,1.436120378675336,1.5565600526231418,1.3430637000925278,,,
C1,"factor basket: quality, low-vol, alpha low-vol, value",etf_trend,7.982176774280059,-15.117793523994848,1.0310423071344765,1.3503606042065497,0.7041367369071618,False,False,False
C1,live basket with quality + low-vol in place of Nifty/Next 50,etf_trend,12.691289903939396,-14.993428939477605,1.3455701244048897,1.3334468588120498,1.3600293395934033,False,False,False
C2,baseline momentum,momentum,15.942021758517178,-25.019663050675366,1.066816404868174,1.1709495509598002,0.9562224640857798,,,
C2,Quality 30 above its 200-day average (instead),momentum,15.478096849626088,-23.086016120215834,1.0687201037213039,1.230771360671406,0.9012075278276863,False,True,False
C2,Quality 30 200-day AND Nifty 200-day,momentum,16.60181697451908,-23.086016120215834,1.1423474731556587,1.230771360671406,1.0499048842400647,True,True,True
C2,Quality 30 above its 150-day average (instead),momentum,17.43330372540921,-16.92771344864752,1.2054095854285467,1.2871342612964447,1.119792948310265,True,True,True
C2,Quality 30 150-day AND Nifty 200-day,momentum,18.694990275810163,-16.92771344864752,1.2882952459637746,1.2871342612964447,1.290408355746434,True,True,True
C2,Quality 30 above its 250-day average (instead),momentum,16.243516843964677,-23.106959021894426,1.0990165197830544,1.2769317173173313,0.9179266408432671,False,True,False
C2,Quality 30 250-day AND Nifty 200-day,momentum,16.312238864807725,-24.9114203402101,1.1162885618519616,1.2769317173173313,0.948524395207735,False,True,False
