section,rule,cagr_A,dd_A,sh_A,cagr_B,dd_B,sh_B,cagr_all,dd_all,sh_all,rebalances,turnover_pct_yr,passes,note
bench,"Nifty 50 TRI held (NIFTYBEES, 0.10%)",12.072127010809597,-59.533311724528794,0.5896810627770681,11.429883360567938,-38.27883393780834,0.7651397712804965,11.975353578355818,-59.533311724528794,0.6576282530459556,1.0,0.0,,
momentum,M1: hold the Momentum 30 ETF,17.199956970343287,-67.816383878674,0.7630316310104082,15.840408067846724,-33.986076886932814,0.8732326806153675,16.652228616169683,-67.816383878674,0.8114578300114069,1.0,0.0,,
verdict,M1 vs Nifty 50,,,,,,,,,,,,True,Sharpe and CAGR above the benchmark in A and B
momentum,M2: + 200-session trend brake,20.07170638344744,-42.324938668885714,0.9951280816675852,11.079066382987325,-33.99246696701413,0.7416980725944715,15.444065838220578,-42.324938668885714,0.8782039273662355,34.0,316.6,,
momentum,M2: + 150-session trend brake,20.266991503210473,-33.697986582816476,1.0319760217193292,10.576374468731808,-33.992504272661805,0.7183667411568196,15.263752838733602,-33.992504272661805,0.8869679867787383,38.0,355.0,,
momentum,M2: + 250-session trend brake,18.324185905568946,-46.137866808999775,0.9144621629044623,9.803889120918075,-36.84101384650261,0.651144205603621,13.993257801140512,-46.137866808999775,0.795415156150703,30.0,278.2,,
verdict,M2 replaces M1,,,,,,,,,,,,False,"Sharpe above M1 in A and B, CAGR within 1 point, 150/250 neighbours above M1 too"
core,L1: N50 45 / NN50 15 / MON100 20 / gold 10 / liquid 10,14.910777068895943,-48.11116954974535,0.8544689757813658,15.243291892958144,-27.427525350411265,1.2572640408032754,15.25467584049396,-48.11116954974535,1.0082022932896968,30.0,15.7,,
verdict,L1 vs Nifty 50,,,,,,,,,,,,True,"Sharpe above, worst fall shallower, in A and B"
core,L2: N50 30 / NN50 15 / M30 15 / MON100 20 / gold 10 / liquid 10,15.811367723401592,-50.194783944489885,0.903541013711293,15.832090148144506,-27.02445667778245,1.2745662963352453,15.97534587975835,-50.194783944489885,1.047825592687937,31.0,16.2,,
verdict,L2 replaces L1,,,,,,,,,,,,False,"Sharpe above L1 in A and B, worst fall within 2 points"
ref,L1 never rebalanced,12.088216523830585,-57.240609804921185,0.6369871756905411,11.53128311459255,-35.06197627317339,0.814086709916907,11.9888559981991,-57.240609804921185,0.70944142769206,1.0,0.0,,
ref,"L1, bands only",15.103128135642008,-48.69577152464585,0.8575450693366167,15.090927794390009,-27.95668204852113,1.234213923272638,15.268755609691699,-48.69577152464585,1.0009475959159022,16.0,12.8,,
