section,rule,rebalances,turnover_pct_yr,cagr_A,dd_A,sh_A,sh_raw_A,cagr_B,dd_B,sh_B,sh_raw_B,passes,cagr_N,dd_N,sh_N,sh_raw_N
stick,Nifty 50 TRI held,1.0,0.0,12.072127010809597,-59.533311724528794,0.331623298535341,0.5896810627770681,11.429883360567938,-38.27883393780834,0.44414508226044835,0.7651397712804965,,,,,
stick,L1,30.0,15.7,14.910777068895943,-48.11116954974535,0.5081874899925394,0.8544689757813669,15.243291892958144,-27.42752535041125,0.8289142655325656,1.257264040803277,,,,,
verdict,"L1 vs Nifty 50, cash-adjusted Sharpe",,,,,,,,,,,True,,,,
dalio,L1 (same span),14.0,11.1,,,,,,,,,,14.91084763945163,-27.43024075220931,0.8053821573789208,1.2367350158076043
dalio,Nifty 50 TRI held (same span),1.0,0.0,,,,,,,,,,11.139010091960323,-38.28247848252545,0.4272931357213885,0.7504204426860959
dalio,AW: N50 30 / G-Sec 15y+ 40 / G-Sec 4-8y 15 / gold 15,16.0,8.3,,,,,,,,,,10.343439393473108,-12.203501849366283,0.8204436235311445,1.668710017635259
dalio,L1g: L1 with G-Sec 4-8y instead of liquid,14.0,11.1,,,,,,,,,,15.11218522594142,-27.540868811863728,0.8178879067579116,1.2478084701800318
dalio,half L1 / half AW,16.0,11.5,,,,,,,,,,12.788221105418884,-19.658550053721356,0.8583252217635385,1.4569845516085629
dalio,L1 (from Nov 2018),14.0,11.1,,,,,,,,,,15.801376123331835,-27.43024075220931,0.8444016125520986,1.2256249613506152
dalio,RP: inverse 3-yr vol N50/MON100/gold/G-Sec 8-13y (from Nov 2018),96.0,38.7,,,,,,,,,,11.569403593990103,-11.84400839951606,1.1278221202947256,1.991876750511104
valuation,"V1: dividend yield, 20% cut-offs",52.0,58.6,15.840181972624068,-44.115070023511805,0.572577035636841,0.937759948375807,15.343152649631463,-27.42744843260444,0.8382465776740178,1.2678274169413017,,,,,
valuation,"  neighbour: dividend yield, 10% cut-offs",42.0,41.4,15.580030647864218,-44.334521459085096,0.5563435043407575,0.9184046986125488,15.250279861672844,-27.427471115467394,0.8329743005600312,1.263469422772726,,,,,
valuation,"  neighbour: dividend yield, 30% cut-offs",68.0,80.2,15.66393561219417,-45.19351224378242,0.5694931171118996,0.94003911120623,15.63490318785352,-27.42745699684699,0.8760241434977041,1.3151256371311957,,,,,
valuation,"  reference: P/E, 20% cut-offs (2021 method break)",57.0,74.9,15.926722108466663,-45.628362559832524,0.5815788759271217,0.9510591062619649,14.877465743261187,-21.99021853456731,0.8665068532863799,1.3351517449587882,,,,,
verdict,V1 replaces L1,,,,,,,,,,,True,,,,
