book,variant,trades,park_trades,costs,cagr,maxdd,sharpe,sh1,sh2,cagr1,cagr2
momentum,"research timing, cash earns 6%",700,0,75362,15.942021758517178,-25.019663050675366,1.066816404868174,1.1709495509598002,0.9562224640857798,18.298233463174853,13.616378318007438
momentum,"(a) idle cash, research timing",698,0,71198,14.422249210854087,-27.081765241703327,0.9758388536438067,1.095879548802926,0.8488644319857973,16.933012324722196,11.94800339120954
momentum,"(a) idle cash, live timing (today's engine)",700,0,72909,14.912084949931636,-27.0378731424723,1.0159918967977186,1.159892117214242,0.8629536741392666,17.897824635986638,11.981397309791708
momentum,"(b) parked, live timing",700,31,81081,15.87291664525836,-27.345766246871495,1.0741366882343455,1.2156792263474234,0.9238697185788564,18.849935520397842,12.949957854032345
momentum,"(b) parked, live timing, rate -1 pt",698,31,80378,15.65935708794466,-27.770007982692235,1.0585064716682475,1.2006146689787571,0.9083843615408745,18.585474500150333,12.785271262500775
momentum,"(b) parked, live timing, flat 4%",698,31,80408,15.698139124400633,-27.642607287244658,1.060726413768413,1.2027590378980137,0.9106979671138374,18.62408433122884,12.82419440026521
momentum,"(c) parked, research timing",698,31,79873,15.613987471197731,-25.72830172297371,1.0447019314920887,1.1491469233107448,0.9343279091582565,17.901683131530444,13.35478244674686
etf_trend,"research timing, cash earns 6%",78,0,1839,14.282003782879404,-13.233774553037502,1.4491024772503691,1.3629592742354946,1.5301011526831116,12.492026110465936,16.11358296224157
etf_trend,"(a) idle cash, research timing",78,0,1814,12.797966011766416,-14.410928267799306,1.3116769276473221,1.2115623060150953,1.404626924033643,10.945890719143048,14.694549056102213
etf_trend,"(a) idle cash, live timing (today's engine)",78,0,1814,12.834043297251041,-14.404849448990397,1.3160401991878294,1.2196861201238078,1.4056232757498446,10.985981621908492,14.726437450538722
etf_trend,"(b) parked, live timing",78,54,3955,12.728949029392256,-13.917959658694967,1.3166835411312034,1.2346078162058751,1.393647581919075,11.087881379628616,14.406267316863076
etf_trend,"(b) parked, live timing, rate -1 pt",78,54,3945,12.577167683450053,-13.899962775933982,1.3006520661834458,1.2203460459677766,1.3759906033366363,10.972834861798342,14.21642769168201
etf_trend,"(b) parked, live timing, flat 4%",78,54,3944,12.562660310628226,-14.082789789457262,1.3004523273395248,1.219110218405887,1.3767120302890548,10.940038927903872,14.220884429396285
etf_trend,"(c) parked, research timing",78,56,4093,13.629886394316548,-13.346254331837804,1.3902535434440428,1.2822658666476503,1.4904824508001449,11.643165829295988,15.666563060723803
