strategy,exit,cagr,maxdd,sharpe,sharpe_h1,sharpe_h2,cagr_h1,cagr_h2,sells
ETF trend,base,13.455764256479563,-13.017578622852566,1.3926550450635782,1.2900500913406736,1.4883287859498164,11.634396158819072,15.320206182781849,38
ETF trend,trail 10%,12.669074714335515,-12.24888710624964,1.4485086531213454,1.4153514666495945,1.480923882347062,11.789945116631827,13.56148476526251,59
ETF trend,trail 15%,12.887093831678431,-15.191483737505052,1.3971210641922098,1.3052726887487438,1.4833451244014957,11.336104267430148,14.471024161294554,42
ETF trend,trail 20%,13.07823806131314,-12.788348011691909,1.3897773934812832,1.2723305778976788,1.4983870683415343,11.079935459732004,15.12718087748639,41
ETF trend,stop 8%,13.405271091293525,-12.89865559738751,1.393950412775718,1.2971106778117838,1.484466090317867,11.659169860757324,15.191469999561601,38
ETF trend,stop 12%,13.431646680554522,-13.052773829102494,1.3902194121956288,1.2840325171189437,1.4890996672307026,11.573742148618349,15.33412074765057,38
ETF trend,take-profit 25%,14.029738739541408,-13.111037235921618,1.5916481264658155,1.4481573183554186,1.7339482531757677,12.5717123550954,15.517289039350747,64
ETF trend,200d exit daily,12.74444361183189,-11.697732780687598,1.4110379556304264,1.210163454968899,1.5958172988939334,10.16687350747112,15.401422289532185,74
ETF trend,200d exit weekly,12.807074298348464,-13.76654714345843,1.3759135548380257,1.2128415559917813,1.5257578254692565,10.476875532896269,15.203631781972282,62
Momentum,base,15.733428425075058,-24.984098745662266,1.0585139381459554,1.1554765377872627,0.9557839835638291,17.91671914847006,13.575368895140905,350
Momentum,trail 10%,12.565036271030717,-26.42694193862266,0.9591771934331526,1.1292745927779477,0.7750162520641785,15.739800227735511,9.45556479807772,405
Momentum,trail 15%,14.886608398655877,-24.64817792438613,1.0330582934196264,1.1443286095515928,0.914908123907037,17.247363699436914,12.556998700010414,357
Momentum,trail 20%,15.44893726798804,-26.37778782639002,1.048381616202515,1.1475668424378958,0.9438852875251664,17.575403057607385,13.346122788255489,350
Momentum,stop 8%,15.702704060704441,-21.428223932669265,1.0890195892502001,1.14088125746025,1.0344925953511095,17.02040878003419,14.390565169943926,362
Momentum,stop 12%,15.23272639870481,-24.073526434007487,1.0444501754097917,1.0997580482429872,0.9860974160652984,16.65046445600773,13.822256663322708,352
Momentum,take-profit 25%,14.040211448766993,-24.700340692912793,1.045501435954385,1.0823549457265254,1.0068877891416905,15.071897036997939,13.010490603758495,422
Momentum,market filter daily,12.252688414292523,-29.79014432938858,0.8949203794198974,0.970177492495229,0.8166008181395976,13.662699533878065,10.850264408124733,428
Momentum,100d exit daily,14.388454619839376,-23.136700976001944,1.0410031325753948,1.083843314149206,0.996047572153036,15.475914914863864,13.303561679384401,384
