index,benchmark,from,to,months,cagr,bench_cagr,dd,bench_dd,sharpe,bench_sharpe,excess_pct_yr,t,beat_months_pct,period,verdict
NIFTY100 QUALITY 30,NIFTY 100,2015-03,2026-10,139,9.049427344786087,10.43499805834105,-32.859897345384624,-37.922781939282814,0.3154444081027752,0.3810244113280363,-1.465727448223147,-0.766607963716888,48.201438848920866,live,NO EDGE
NIFTY100 QUALITY 30,NIFTY 100,2009-10,2015-03,65,20.188351726967024,14.502090663771083,-16.37095801067341,-28.943914530057434,0.8882548962619365,0.4957865758295459,4.316169170133016,1.1100465185366737,55.38461538461539,back-calculated,
NIFTY50 VALUE 20,NIFTY 50,2014-03,2026-10,151,12.734189675598628,11.550623901373314,-29.634487782148224,-38.265399051940385,0.5110933909447976,0.436121950917502,0.8793914785632255,0.4308931932001883,51.65562913907284,live,"CONSISTENT, NOT PROVEN"
NIFTY50 VALUE 20,NIFTY 50,2009-01,2014-03,62,27.537851904016453,20.066260451533523,-24.477758814490613,-27.200573919984638,0.959542840210691,0.6839439191392663,6.472456923917348,2.4699533495582,62.903225806451616,back-calculated,
NIFTY100 LOW VOLATILITY 30,NIFTY 100,2016-08,2026-10,122,11.438684080948613,11.150319512162188,-30.6696105792599,-37.922781939282814,0.5014982153543752,0.4322914732946471,-0.11001467863243349,-0.05843579144782372,50.0,live,NO EDGE
NIFTY100 LOW VOLATILITY 30,NIFTY 100,2005-04,2016-07,135,20.390320606748347,15.891780658799458,-48.774520429617766,-61.077448657245725,0.746917291218527,0.48044321158383424,2.9448210861713973,1.147535869231131,57.03703703703704,back-calculated,
NIFTY ALPHA LOW-VOLATILITY 30,NIFTY 200,2017-07,2026-10,111,11.469520313277638,11.292831712360574,-30.993557468472254,-38.033598147550784,0.4765329783668661,0.4369437857652941,-0.1276988241948248,-0.053095017877450974,51.35135135135135,live,NO EDGE
NIFTY ALPHA LOW-VOLATILITY 30,NIFTY 200,2005-04,2017-07,147,21.928223643132185,15.618412018183836,-57.458092597402135,-63.67058347486729,0.8343553514375245,0.4843342711663582,4.35472831388803,1.450298332637253,61.224489795918366,back-calculated,
NIFTY QUALITY LOW-VOLATILITY 30,NIFTY 200,2017-07,2026-10,111,9.697961409192345,11.292831712360574,-29.376529050530532,-38.033598147550784,0.3827914840191767,0.4369437857652941,-1.9472266358513604,-0.7532034963987376,48.64864864864865,live,NO EDGE
NIFTY QUALITY LOW-VOLATILITY 30,NIFTY 200,2005-04,2017-07,147,19.598846253601554,15.618412018183836,-47.57090715717733,-63.67058347486729,0.775534595921281,0.4843342711663582,2.0553450539372373,0.6352263635139077,55.78231292517006,back-calculated,
NIFTY200 QUALITY 30,NIFTY 200,2018-04,2026-10,102,9.98484693367927,11.2854667605075,-29.109650599854785,-38.033598147550784,0.3849419347951282,0.43347951642035987,-1.5092690657188637,-0.524677764823018,53.92156862745098,live,NO EDGE
NIFTY200 QUALITY 30,NIFTY 200,2005-04,2018-04,156,20.928395876951832,15.457680414847562,-55.72351889014401,-63.67058347486729,0.7710634012681562,0.4857707777014661,3.902169147770524,1.6835855254955716,54.48717948717948,back-calculated,
NIFTY MIDCAP150 QUALITY 50,NIFTY MIDCAP 150,2019-10,2026-10,84,12.386333383377357,20.358952426610767,-35.16978731396112,-38.45224051604902,0.5061213479041118,0.8475371489604866,-7.443605774461146,-3.4355296605892534,33.33333333333333,live,NO EDGE
NIFTY MIDCAP150 QUALITY 50,NIFTY MIDCAP 150,2005-04,2019-10,174,19.167912053671476,14.894773950910078,-58.652816275910425,-72.88882718406164,0.733530909195758,0.47380215799141917,2.431254668676345,1.2204322097987714,58.04597701149425,back-calculated,
NIFTY DIVIDEND OPPORTUNITIES 50,NIFTY 500,2011-03,2026-10,187,10.996712917885688,11.674059242757373,-35.871253173884696,-38.10593207227173,0.3811361236589717,0.4133234332964341,-0.785248859803085,-0.44711356845117556,47.593582887700535,live,NO EDGE
NIFTY DIVIDEND OPPORTUNITIES 50,NIFTY 500,2007-10,2011-03,41,9.987841156188871,-1.9458736902904894,-58.87900229650085,-63.70915699963622,0.30299030599777943,-0.06854860962925359,10.889496624961485,2.292063168201925,68.29268292682927,back-calculated,
NIFTY200 VALUE 30,NIFTY 200,2024-07,2026-10,27,0.012079406941900572,-2.3567164963031018,-23.064837774604552,-17.797163336579082,-0.19289192762397173,-0.4847852777669434,3.024400856592646,0.45266919411926476,37.03703703703704,live (report only),
NIFTY200 VALUE 30,NIFTY 200,2005-04,2024-06,230,17.883119506256605,15.5597402122855,-63.22004876805373,-63.67058347486729,0.5432665780929712,0.5290427813754374,4.28057994255115,1.1932374018367402,49.130434782608695,back-calculated (report only),
NIFTY500 QUALITY 50,NIFTY 500,2024-12,2026-10,22,-3.9606472191820785,-0.9383548319818469,-19.515485592377967,-14.691517544931509,-0.4355572619801447,-0.35042663365615984,-2.12518416795309,-0.3198750817936223,40.909090909090914,live (report only),
NIFTY500 QUALITY 50,NIFTY 500,2005-04,2024-12,236,18.338807852987273,15.412079012194347,-53.72048130386875,-63.70915699963622,0.7129598960404382,0.5296869170409505,1.889225698604257,1.017135623868932,56.355932203389834,back-calculated (report only),
NIFTY500 VALUE 50,NIFTY 500,2005-04,2026-10,258,16.16136204177232,13.957192210629055,-66.17903616768011,-63.70915699963622,0.4999536776584925,0.4755462668051406,4.0865120689102445,1.2382448095313932,51.162790697674424,back-calculated (report only),
