strategy,months_A,win_A,mean_A,t_A,worst_A,worst_pct_A,cagr_A,dd_A,liq_A,risk_A,months_B,win_B,mean_B,t_B,worst_B,worst_pct_B,cagr_B,dd_B,liq_B,risk_B,skipped,cagr_held,dd_held,sh_held,cagr_ins,dd_ins,sh_ins,passes
S1 bull put spread 3%/6%,81.0,79.01234567901234,-924.9453134795049,-1.4178587369028395,-21252.537317905,-5.534514926537761,4.55467026059535,-6.9250051897632225,6.949527050288862,14170.2428053,92.0,85.86956521739131,418.80308571233485,0.38523933456865395,-48311.89894551499,-12.581223683727863,6.469967292624013,-7.438118171528707,4.908923190195202,31061.4545684075,0.0,,,,,,,
S1 neighbour 2%/5%,81.0,77.77777777777779,-742.2687546175297,-1.0775171057596247,-20550.79549563,-5.351769660320312,4.922693692158653,-6.120761853636059,6.949527050288862,13619.93929648,92.0,82.6086956521739,398.0439100977152,0.31991063617113985,-46597.566594159995,-12.134782967229166,6.402343817672795,-8.496951986634437,4.908923190195202,28925.159367237502,0.0,,,,,,,
S1 neighbour 4%/7%,81.0,82.71604938271605,-721.6086422899384,-1.3212124486407553,-17433.37085088,-4.539940325750001,5.216760119915764,-5.059014095631264,6.949527050288862,14692.678515655,92.0,91.30434782608695,586.4093006990207,0.6156963529808044,-49633.45365525,-12.925378556054687,6.772859560598854,-7.749633179519499,4.908923190195202,30864.821149055002,0.0,,,,,,,
S2 iron condor 4%/7%,81.0,64.19753086419753,-1223.3374919814785,-1.9518760368201156,-15657.06262655,-4.077360058997396,3.82225455977383,-6.967595908323299,6.949527050288862,13474.508069445,92.0,71.73913043478261,-983.1260229998971,-0.7748210122377678,-47123.398374995006,-12.271718326821617,2.1003603628646283,-21.440300123022173,4.908923190195202,28734.856245375,0.0,,,,,,,
S2 neighbour 3%/6%,81.0,55.55555555555556,-1773.0405877326496,-2.428316329942416,-20083.14715422,-5.2299862380781255,2.030453830801693,-11.207109211475307,6.949527050288862,12116.579076505,92.0,61.95652173913043,-1127.5554683478308,-0.7794774548102176,-43282.33750271,-11.271442057997396,1.7703186762176637,-17.26412902826796,4.908923190195202,26734.2415690225,0.0,,,,,,,
S2 neighbour 5%/8%,81.0,72.8395061728395,-909.0422341368494,-1.7388571309337868,-15428.095276770022,-4.017733144992193,4.698886221966814,-5.7025182848168265,6.949527050288862,14444.45521885,92.0,79.34782608695652,-691.0003454584279,-0.6654611062726279,-45746.97491886,-11.913274718453126,3.0907254776844972,-19.272818250668244,4.908923190195202,32016.30916577,0.0,,,,,,,
S4 trend option buying (at-the-money),81.0,34.5679012345679,-1209.0192415746342,-0.8824983226310661,-15507.443921779999,-4.038396854630208,2.972079126413063,-17.267207223109317,6.949527050288862,9098.96353256,92.0,32.608695652173914,-1790.2107059242894,-0.5319627736427106,-45154.95826901,-11.75910371588802,0.342712769709852,-50.37717731213016,4.908923190195202,21919.241329835,,,,,,,,
S3 insurance A,,,,,,,,,,,,,,,,,,,,,,5.541467732253391,-27.02656050626635,0.033563710882854564,3.6667730586859903,-25.949639006287818,-0.11677171718334353,
S3 insurance B,,,,,,,,,,,,,,,,,,,,,,7.915175341056435,-26.263240988799485,0.2474724939756989,6.764977352191148,-16.487601668477314,0.1872641578833566,
verdict: S1 bull put spread 3%/6%,,,,,,,,,,,,,,,,,,,,,,,,,,,,False
verdict: S2 iron condor 4%/7%,,,,,,,,,,,,,,,,,,,,,,,,,,,,False
verdict: S4 trend option buying (at-the-money),,,,,,,,,,,,,,,,,,,,,,,,,,,,False
verdict: S3 crash insurance,,,,,,,,,,,,,,,,,,,,,,,,,,,,False
