open,expiry,spot,final,credit,costs,pnl,risk,strikes,skipped
2012-01-27,2012-02-23,5204.7,5483.3,1361.75,358.86270051500003,1002.887299485,5497.112700515,PE4900-/PE4800+/CE5500-/CE5600+,False
2012-02-24,2012-03-29,5429.3,5178.85,4780.75,400.562157795,3005.4378422050236,8619.812157795,PE5200-/PE5000+/CE5700-/CE5900+,False
2012-03-30,2012-04-26,5295.55,5189.0,1608.75,359.981181515,1248.7688184849999,5251.231181515,PE5000-/PE4900+/CE5600-/CE5700+,False
2012-04-27,2012-05-31,5190.6,4924.25,1345.5000000000002,358.73545203000003,986.7645479700002,5513.23545203,PE4900-/PE4800+/CE5500-/CE5600+,False
2012-06-01,2012-06-28,4841.6,5149.15,2154.75,377.185383075,-1417.1853830749765,4722.435383075,PE4600-/PE4500+/CE5100-/CE5200+,False
2012-06-29,2012-07-26,5278.9,5043.0,2063.75,358.993917055,1704.756082945,11295.243917055,PE5000-/PE4900+/CE5500-/CE5700+,False
2012-07-27,2012-08-30,5099.85,5315.05,994.4999999999999,357.29343144999996,637.2065685499999,5862.79343145,PE4800-/PE4700+/CE5400-/CE5500+,False
2012-08-31,2012-09-27,5258.5,5649.5,1875.25,357.594268805,-8199.844268805,11482.344268805,PE5000-/PE4800+/CE5500-/CE5700+,False
2012-09-28,2012-10-25,5703.3,5705.3,1231.75,356.80568555499997,874.944314445,12125.055685555,PE5400-/PE5200+/CE6000-/CE6200+,False
2012-10-26,2012-11-29,5664.3,5825.0,1992.25,357.975418665,1634.274581335,11365.725418665,PE5400-/PE5200+/CE5900-/CE6100+,False
2012-11-30,2012-12-27,5879.85,5870.1,910.0,356.16358,553.83642,12446.16358,PE5600-/PE5400+/CE6200-/CE6400+,False
2012-12-28,2013-01-31,5908.35,6034.75,1235.0,356.70215257999996,878.29784742,12121.70215258,PE5600-/PE5400+/CE6200-/CE6400+,False
2013-02-01,2013-02-28,5998.9,5693.05,789.7500000000001,355.874020275,-17.874020274988084,12566.124020275,PE5700-/PE5500+/CE6300-/CE6500+,False
2013-03-01,2013-03-28,5719.7,5682.55,689.0,355.90674706,333.09325294,12666.90674706,PE5400-/PE5300+/CE6000-/CE6200+,False
2013-04-01,2013-04-25,5704.4,5916.3,874.25,355.994701745,518.2552982550001,12481.744701745,PE5400-/PE5200+/CE6000-/CE6200+,False
2013-04-26,2013-05-30,5871.45,6124.05,1261.0000000000002,357.02637284,903.9736271600002,12096.02637284,PE5600-/PE5400+/CE6200-/CE6300+,False
2013-05-31,2013-06-27,5985.95,5682.35,1826.4999999999998,357.84549387000004,321.4045061300234,11531.34549387,PE5700-/PE5500+/CE6300-/CE6500+,False
2013-06-28,2013-07-25,5842.2,5907.5,2408.2500000000005,359.221805625,2049.0281943750006,10950.971805625,PE5600-/PE5400+/CE6100-/CE6300+,False
2013-07-26,2013-08-29,5886.2,5409.05,2197.0,358.70811654,-10573.458116539989,11161.70811654,PE5600-/PE5400+/CE6200-/CE6400+,False
2013-08-30,2013-09-26,5471.8,5882.25,3019.2499999999995,400.52736966500004,-5977.527369665,7131.277369665,PE5200-/PE5050+/CE5750-/CE5900+,False
2013-09-27,2013-10-31,5833.2,6299.15,4878.250000000001,408.308448945,-8474.808448944976,8530.058448945,PE5550-/PE5350+/CE6100-/CE6300+,False
2013-11-01,2013-11-28,6307.2,6091.85,2275.0,359.08960674,1915.91039326,11084.08960674,PE6000-/PE5800+/CE6600-/CE6800+,False
2013-11-29,2013-12-26,6176.1,6278.9,2398.5,361.15065936999997,2037.34934063,7712.65065937,PE5850-/PE5700+/CE6500-/CE6650+,False
2013-12-27,2014-01-30,6313.8,6073.7,1527.5,357.56545593,1169.93454407,11830.06545593,PE6000-/PE5800+/CE6650-/CE6800+,False
2014-02-28,2014-03-27,6276.95,6641.75,864.5,356.17392943,-2205.42392943,12491.67392943,PE5950-/PE5750+/CE6600-/CE6800+,False
2014-04-25,2014-05-29,6782.75,7235.65,7357.999999999999,562.8350041799999,-2022.0850041799772,9454.83500418,PE6450-/PE6250+/CE7100-/CE7350+,False
2014-05-30,2014-06-26,7229.95,7493.2,1485.2499999999998,357.603643625,1127.6463563749999,11872.353643625,PE6850-/PE6650+/CE7600-/CE7800+,False
2014-06-27,2014-07-31,7508.8,7721.3,2999.75,360.69357501499996,2639.056424985,13610.943575015,PE7150-/PE6900+/CE7900-/CE8100+,False
2014-08-01,2014-08-28,7602.6,7954.35,1283.75,357.143612235,926.606387765,12073.393612235,PE7200-/PE7000+/CE8000-/CE8200+,False
2014-09-01,2014-09-25,8027.7,7911.85,1023.7499999999999,356.266091955,667.4839080449999,15582.516091955,PE7650-/PE7400+/CE8450-/CE8650+,False
2014-09-26,2014-10-30,7968.85,8169.2,1696.4999999999998,357.36493379,1339.1350662099999,14910.86493379,PE7550-/PE7350+/CE8350-/CE8600+,False
2014-10-31,2014-11-27,8322.2,8494.2,893.75,356.460302335,537.289697665,15712.710302335,PE7900-/PE7650+/CE8750-/CE9000+,False
2014-11-28,2014-12-24,8588.25,8174.1,890.5000000000001,356.28317857,534.2168214300001,18965.78317857,PE8150-/PE7900+/CE9000-/CE9300+,False
2014-12-26,2015-01-29,8200.7,8952.35,2197.0,367.250968,-14420.250967999998,14411.9350305,PE7800-/PE7550+/CE8600-/CE8850+,False
2015-01-30,2015-02-26,8808.9,8683.85,3363.75,362.330548535,3001.419451465,13248.580548535,PE8350-/PE8100+/CE9250-/CE9500+,False
2015-02-27,2015-03-26,8844.6,8342.15,3542.5,362.35088385,-580.1008838500236,13069.85088385,PE8400-/PE8150+/CE9300-/CE9550+,False
2015-03-27,2015-04-30,8341.4,8181.5,2193.75,358.960935015,1834.789064985,14415.210935015,PE7900-/PE7700+/CE8750-/CE9000+,False
2015-05-04,2015-05-28,8331.95,8319.0,2096.25,358.830414625,1737.419585375,14512.580414625,PE7900-/PE7650+/CE8750-/CE9000+,False
2015-05-29,2015-06-25,8433.65,8398.0,2093.0,359.28028996,1733.7197100399999,14516.28028996,PE8000-/PE7800+/CE8850-/CE9100+,False
2015-06-26,2015-07-30,8381.1,8421.8,2379.0,359.44300341999997,2019.55699658,17480.44300342,PE7950-/PE7700+/CE8800-/CE9100+,False
2015-07-31,2015-08-27,8532.85,7948.95,1498.25,357.410454265,-8677.410454265011,15109.160454265,PE8100-/PE7850+/CE8950-/CE9200+,False
2015-08-28,2015-09-24,8001.95,7868.5,5050.5,397.88171061,4652.61828939,11597.38171061,PE7600-/PE7350+/CE8400-/CE8650+,False
2015-09-28,2015-10-29,7795.7,8111.75,3857.75,380.91765343500003,3476.832346565,12773.167653435,PE7400-/PE7150+/CE8200-/CE8400+,False
2015-10-30,2015-11-26,8065.8,7883.8,2453.75,359.778741095,2093.971258905,14156.028741095,PE7650-/PE7400+/CE8450-/CE8700+,False
2015-11-27,2015-12-31,7942.7,7946.35,2450.4999999999995,359.87630265,2090.6236973499995,14159.37630265,PE7550-/PE7300+/CE8350-/CE8600+,False
2016-01-01,2016-01-28,7963.2,7424.65,1287.0,356.92662228,-7217.676622280023,15319.92662228,PE7550-/PE7300+/CE8350-/CE8600+,False
2016-01-29,2016-02-25,7563.55,6970.6,1871.9999999999998,358.70697176,-13397.706971759977,14736.70697176,PE7200-/PE6950+/CE7950-/CE8200+,False
2016-02-26,2016-03-31,7029.75,7738.4,3987.7500000000005,394.21035701499994,-9406.460357015003,12645.215357015,PE6700-/PE6450+/CE7400-/CE7600+,False
2016-04-01,2016-04-28,7713.05,7847.25,2193.75,359.223677495,1834.526322505,14415.473677495,PE7350-/PE7100+/CE8100-/CE8300+,False
2016-04-29,2016-05-26,7849.8,8069.65,1868.7499999999998,358.332791135,1510.4172088649998,14739.582791135,PE7450-/PE7200+/CE8250-/CE8500+,False
2016-05-27,2016-06-30,8156.65,8287.75,2164.5,358.95521885,1805.54478115,14444.45521885,PE7750-/PE7500+/CE8550-/CE8800+,False
2016-07-01,2016-07-28,8328.35,8666.3,1677.0,357.99807448,1319.00192552,14930.99807448,PE7900-/PE7650+/CE8750-/CE9000+,False
2016-07-29,2016-08-25,8638.5,8592.2,1712.75,357.748953335,1355.001046665,18144.998953335,PE8200-/PE7900+/CE9050-/CE9300+,False
2016-08-26,2016-09-29,8572.55,8591.25,1553.5,357.52541957,1195.97458043,18304.02541957,PE8150-/PE7900+/CE9000-/CE9300+,False
2016-09-30,2016-10-27,8611.15,8615.25,2473.2500000000005,359.868142225,2113.3818577750003,17386.618142225,PE8200-/PE7900+/CE9050-/CE9300+,False
2016-10-28,2016-11-24,8638.0,7965.5,1475.5,357.35292906999996,-14124.35292907,18381.85292907,PE8200-/PE7900+/CE9050-/CE9300+,False
2016-11-25,2016-12-29,8114.3,8103.6,2642.2500000000005,360.461818945,2281.7881810550007,13968.211818945,PE7700-/PE7450+/CE8500-/CE8750+,False
2016-12-30,2017-01-25,8185.8,8602.75,1615.25,357.928946785,1078.5710532150001,14992.678946785,PE7800-/PE7550+/CE8600-/CE8850+,False
2017-01-27,2017-02-23,8641.25,8939.5,2112.5,358.79046335,1753.70953665,17746.29046335,PE8200-/PE7950+/CE9050-/CE9350+,False
2017-02-27,2017-03-30,8896.7,9173.75,1413.75,357.283801375,1056.466198625,15193.533801375,PE8450-/PE8200+/CE9350-/CE9600+,False
2017-03-31,2017-04-27,9173.75,9342.15,805.9999999999999,355.9833545,450.01664549999987,19049.9833545,PE8700-/PE8400+/CE9650-/CE9900+,False
2017-04-28,2017-05-25,9304.05,9509.75,448.49999999999994,355.57245582999997,92.92754416999998,16157.07245583,PE8850-/PE8600+/CE9750-/CE10000+,False
2017-05-26,2017-06-29,9595.1,9504.1,617.5000000000001,356.19598965,261.3040103500001,19238.69598965,PE9100-/PE8850+/CE10100-/CE10400+,False
2017-06-30,2017-07-27,9520.9,10020.55,617.5000000000001,356.00490421,-1074.2549042099527,19238.50490421,PE9000-/PE8800+/CE10000-/CE10300+,False
2017-07-28,2017-08-31,10014.5,9917.9,1040.0,356.75759706,683.2424029399999,18816.75759706,PE9500-/PE9200+/CE10500-/CE10800+,False
2017-09-01,2017-09-28,9974.4,9768.95,854.7500000000001,356.406899895,498.34310010500013,19001.656899895,PE9500-/PE9200+/CE10450-/CE10750+,False
2017-09-29,2017-10-26,9788.6,10343.8,1007.4999999999999,356.68821411,-2196.1882141099527,18849.18821411,PE9300-/PE9000+/CE10300-/CE10600+,False
2017-10-27,2017-11-30,10323.05,10226.55,1144.0,357.02142244000004,786.97857756,18713.02142244,PE9800-/PE9500+/CE10850-/CE11100+,False
2017-12-01,2017-12-28,10121.8,10477.9,1569.7500000000002,357.945267635,1211.8047323650003,18288.195267635,PE9600-/PE9300+/CE10650-/CE10950+,False
2017-12-29,2018-01-25,10530.7,11069.65,1127.75,356.595602955,-506.09560295497636,21978.845602955,PE10000-/PE9700+/CE11050-/CE11400+,False
2018-01-29,2018-02-22,11130.4,10382.7,2886.0,360.98517677999996,-8349.485176779952,20224.98517678,PE10550-/PE10200+/CE11700-/CE12000+,False
2018-02-23,2018-03-28,10491.05,10113.7,1813.5000000000002,358.62985381,1454.8701461900002,18045.12985381,PE9950-/PE9650+/CE11000-/CE11300+,False
2018-04-02,2018-04-26,10211.8,10617.8,1456.0000000000002,358.18909804000003,1097.8109019600001,21652.18909804,PE9700-/PE9400+/CE10700-/CE11050+,False
2018-04-27,2018-05-31,10692.3,10736.15,1147.25,357.443374425,789.806625575,18710.193374425,PE10150-/PE9850+/CE11250-/CE11500+,False
2018-06-01,2018-06-28,10696.2,10589.1,1303.2499999999998,357.358413185,945.8915868149998,21804.108413185,PE10150-/PE9800+/CE11250-/CE11600+,False
2018-06-29,2018-07-26,10714.3,11167.3,1326.0000000000002,357.52342394,968.4765760600003,21781.52342394,PE10200-/PE9900+/CE11250-/CE11600+,False
2018-07-27,2018-08-30,11278.35,11676.8,1248.0,357.67339012,890.32660988,21859.67339012,PE10700-/PE10400+/CE11850-/CE12200+,False
2018-08-31,2018-09-27,11680.5,10977.55,997.7500000000001,356.933127415,-7318.433127415047,25359.183127415,PE11100-/PE10700+/CE12250-/CE12600+,False
2018-09-28,2018-10-25,10930.45,10124.9,2814.5,361.09527677,-15428.095276770022,17046.59527677,PE10400-/PE10100+/CE11500-/CE11800+,False
2018-10-26,2018-11-29,10030.0,10858.7,5385.25,410.77578550500004,-14525.525785505,14524.818910505,PE9550-/PE9250+/CE10550-/CE10850+,False
2018-11-30,2018-12-27,10876.75,10779.8,3223.9999999999995,370.8678449,2853.1321550999996,19896.8678449,PE10350-/PE10000+/CE11400-/CE11750+,False
2018-12-28,2019-01-31,10859.9,10830.95,2567.5,360.45450937,2207.04549063,20542.95450937,PE10300-/PE10000+/CE11400-/CE11750+,False
2019-02-01,2019-02-28,10893.65,10792.5,1995.5,358.82134147,1636.6786585300001,21113.32134147,PE10350-/PE10000+/CE11450-/CE11750+,False
2019-03-01,2019-03-28,10863.5,11570.0,1816.7500000000002,359.135405675,-9592.385405675,18042.385405675,PE10300-/PE10000+/CE11400-/CE11700+,False
2019-03-29,2019-04-25,11623.9,11641.8,2847.0000000000005,360.07188986,2486.9281101400006,23513.07188986,PE11050-/PE10700+/CE12200-/CE12600+,False
2019-04-26,2019-05-30,11754.65,11945.9,8749.0,500.50891932,8248.49108068,17751.50891932,PE11200-/PE10800+/CE12300-/CE12700+,False
2019-05-31,2019-06-27,11922.8,11841.55,2320.5,359.93317036999997,1960.56682963,24039.43317037,PE11350-/PE10950+/CE12500-/CE12900+,False
2019-06-28,2019-07-25,11788.85,11252.15,2002.0,358.6381612,1643.3618388,24356.6381612,PE11200-/PE10800+/CE12400-/CE12700+,False
2019-07-26,2019-08-29,11284.3,10948.3,1254.4999999999998,357.40660997,897.0933900299998,21852.90660997,PE10700-/PE10400+/CE11850-/CE12200+,False
2019-08-30,2019-09-26,11023.25,11571.2,2200.25,359.888438865,462.3615611349527,20909.638438865,PE10450-/PE10150+/CE11550-/CE11900+,False
2019-09-27,2019-10-31,11512.4,11877.45,3327.9999999999995,361.98252768,2966.01747232,19783.98252768,PE10950-/PE10600+/CE12100-/CE12400+,False
2019-11-01,2019-11-28,11890.6,12151.15,2122.25,359.35766316499996,1762.8923368350002,20987.107663165,PE11300-/PE10950+/CE12500-/CE12850+,False
2019-11-29,2019-12-26,12056.05,12126.55,1316.25,357.404080625,958.845919375,21791.154080625,PE11450-/PE11100+/CE12650-/CE13000+,False
2019-12-27,2020-01-30,12245.8,12035.8,1235.0,357.17986618,877.82013382,21872.17986618,PE11650-/PE11300+/CE12850-/CE13200+,False
2020-01-31,2020-02-27,11962.1,11633.3,3994.2499999999995,362.524093705,3631.7259062949997,22368.274093705,PE11400-/PE11000+/CE12550-/CE12900+,False
2020-02-28,2020-03-26,11201.75,8641.45,5570.5,598.74719049,-17778.24719049,17643.49000299,PE10650-/PE10300+/CE11750-/CE12100+,False
2020-03-27,2020-04-30,8660.25,9859.9,8082.749999999998,2601.832166395,-10769.082166395001,10727.652791395001,PE8250-/PE8000+/CE9100-/CE9350+,False
2020-05-04,2020-05-28,9293.5,9490.1,9194.250000000002,933.971393765,8260.278606235002,11239.721393764998,PE8800-/PE8550+/CE9750-/CE10050+,False
2020-05-29,2020-06-25,9580.3,10288.9,5771.999999999999,557.72182832,-7064.221828319977,14285.72182832,PE9100-/PE8800+/CE10100-/CE10300+,False
2020-06-26,2020-07-30,10383.0,11102.15,7494.5,669.08377811,-6314.333778109976,12674.58377811,PE9850-/PE9550+/CE10900-/CE11200+,False
2020-07-31,2020-08-27,11073.45,11559.25,5157.75,433.897454595,4723.852545405,14776.147454595,PE10500-/PE10200+/CE11650-/CE11950+,False
2020-08-28,2020-09-24,11647.6,10805.55,3149.25,361.705421305,-13101.705421305047,23212.455421305,PE11050-/PE10700+/CE12200-/CE12600+,False
2020-09-25,2020-10-29,11050.25,11670.8,5420.999999999999,445.59604208,373.40395792004637,17774.59604208,PE10500-/PE10150+/CE11600-/CE11950+,False
2020-10-30,2020-11-26,11642.4,12987.0,7036.25,540.230810165,-16253.980810165,16218.474560165,PE11050-/PE10700+/CE12200-/CE12550+,False
2020-11-27,2020-12-31,12968.95,13981.75,4780.750000000001,401.768671935,-20434.768671935,21621.018671935,PE12300-/PE11950+/CE13600-/CE14000+,False
2021-01-01,2021-01-28,14018.5,13817.55,4949.749999999999,391.088950935,4558.661049064999,24691.338950935,PE13300-/PE12900+/CE14700-/CE15150+,False
2021-01-29,2021-02-25,13634.6,15097.35,9295.0,635.68818926,-20590.68818926,20562.46600176,PE12950-/PE12550+/CE14300-/CE14750+,False
2021-02-26,2021-03-25,14529.15,14324.9,10513.75,732.582357735,9781.167642265,19468.832357735,PE13800-/PE13350+/CE15250-/CE15700+,False
2021-03-26,2021-04-29,14507.3,14894.9,7942.999999999999,502.49999022,7440.500009779999,25059.49999022,PE13800-/PE13300+/CE15250-/CE15650+,False
2021-04-30,2021-05-27,14631.1,15337.85,8482.5,538.2379177700001,7944.26208223,21305.73791777,PE13900-/PE13450+/CE15350-/CE15800+,False
2021-05-28,2021-06-24,15435.65,15790.45,3165.4999999999995,366.85029825,2798.6497017499996,29701.35029825,PE14650-/PE14200+/CE16200-/CE16700+,False
2021-06-25,2021-07-29,15860.35,15778.45,2307.5,360.32938801,1947.17061199,27302.82938801,PE15050-/PE14600+/CE16700-/CE17100+,False
2021-07-30,2021-08-26,15763.05,16636.9,1459.25,358.42593600500004,-4547.675936005095,28149.175936005,PE14950-/PE14500+/CE16550-/CE17000+,False
2021-08-27,2021-09-30,16705.2,17618.15,2112.5,359.60257647000003,-2676.8525764700944,30747.10257647,PE15850-/PE15350+/CE17550-/CE18000+,False
2021-10-01,2021-10-28,17532.05,17857.25,4364.75,383.325085215,3981.424914785,31768.575085215,PE16650-/PE16150+/CE18400-/CE18950+,False
2021-10-29,2021-11-25,17671.65,17536.25,5339.75,393.33069043500007,4946.419309565,30803.580690435,PE16800-/PE16250+/CE18550-/CE19100+,False
2021-11-26,2021-12-30,17026.45,17203.95,7003.75,465.46858093500003,6538.281419065,38961.718580935,PE16200-/PE15500+/CE17900-/CE18400+,False
2021-12-31,2022-01-27,17354.05,17110.15,3864.2499999999995,378.29324632500004,3485.9567536749996,32264.043246325,PE16500-/PE15950+/CE18200-/CE18750+,False
2022-01-28,2022-02-24,17101.95,16247.95,8593.0,548.68264622,7911.067353780048,24455.68264622,PE16250-/PE15750+/CE17950-/CE18450+,False
2022-02-25,2022-03-31,16658.4,17464.75,11323.0,817.46531856,10505.53468144,21994.46531856,PE15850-/PE15350+/CE17500-/CE18000+,False
2022-04-01,2022-04-28,17670.45,17245.05,5833.75,418.06273907499997,5415.687260925,30334.312739075,PE16800-/PE16250+/CE18550-/CE19100+,False
2022-04-29,2022-05-26,17102.55,16170.15,6480.5,442.79887329,847.4511267099763,26462.29887329,PE16250-/PE15750+/CE17950-/CE18450+,False
2022-05-27,2022-06-30,16352.45,15780.25,8238.749999999998,536.6102455549999,7702.139754444998,24797.860245555,PE15550-/PE15050+/CE17150-/CE17650+,False
2022-07-01,2022-07-28,15752.05,16929.6,6968.0,484.95075774000003,-18190.950757739905,22766.95075774,PE14950-/PE14500+/CE16550-/CE17000+,False
2022-07-29,2022-08-25,17158.25,17522.45,3848.0,377.0086263,3470.9913737,29029.0086263,PE16300-/PE15800+/CE18000-/CE18450+,False
2022-08-26,2022-09-29,17558.9,16818.1,6230.25,424.85661148500003,5805.393388515,29944.606611485,PE16700-/PE16150+/CE18450-/CE18950+,False
2022-09-30,2022-10-27,17094.35,17736.95,6558.5,452.47350579,6106.02649421,26393.97350579,PE16250-/PE15750+/CE17950-/CE18450+,False
2022-10-28,2022-11-24,17786.8,18484.1,3445.0,368.47876418,3076.52123582,32673.47876418,PE16900-/PE16350+/CE18700-/CE19200+,False
2022-11-25,2022-12-29,18512.75,18191.0,2050.75,359.32444907499996,1691.4255509250002,34058.574449075,PE17600-/PE17050+/CE19450-/CE20000+,False
2022-12-30,2023-01-25,18105.3,17891.95,2918.5,360.41561779,2558.08438221,36441.91561779,PE17200-/PE16650+/CE19000-/CE19600+,False
2023-01-27,2023-02-23,17604.35,17511.25,4579.25,400.190525625,4179.059474375,28320.940525625,PE16700-/PE16300+/CE18500-/CE19000+,False
2023-02-24,2023-03-29,17465.8,17080.7,2187.25,359.950256985,1827.2997430149999,33922.700256985,PE16600-/PE16050+/CE18350-/CE18850+,False
2023-03-31,2023-04-27,17359.75,17915.05,1881.7499999999998,359.26820015500005,1522.4817998449998,34227.518200155,PE16500-/PE15950+/CE18250-/CE18750+,False
2023-04-28,2023-05-25,18065.0,18321.15,929.5,357.17257981,572.32742019,35177.67257981,PE17150-/PE16600+/CE18950-/CE19400+,False
2023-06-30,2023-07-27,19189.05,19659.9,1131.0000000000002,357.45944002,773.5405599800002,38226.45944002,PE18250-/PE17650+/CE20100-/CE20400+,False
2023-07-28,2023-08-31,19646.05,19253.8,1387.75,357.682122935,1030.067877065,37969.932122935,PE18650-/PE18050+/CE20650-/CE21200+,False
2023-09-01,2023-09-28,19435.3,19523.55,919.7500000000001,357.095036435,562.6549635650001,38437.345036435,PE18450-/PE17900+/CE20400-/CE21000+,False
2023-09-29,2023-10-26,19638.3,18857.25,1355.25,357.791882585,997.4581174150001,38002.541882585,PE18650-/PE18050+/CE20600-/CE21200+,False
2023-10-27,2023-11-30,19047.25,20133.15,2125.5,359.17650173000004,-6888.426501730095,37233.67650173,PE18100-/PE17500+/CE20000-/CE20550+,False
2023-12-01,2023-12-28,20267.9,21778.7,1361.75,358.068501655,-30111.81850165505,44496.318501655,PE19250-/PE18650+/CE21300-/CE22000+,False
2023-12-29,2024-01-25,21731.4,21352.6,3776.5,362.73698411,3413.76301589,38836.23698411,PE20650-/PE20000+/CE22800-/CE23300+,False
2024-01-29,2024-02-29,21737.6,21982.8,6246.5,421.01406063,5825.48593937,39674.51406063,PE20650-/PE20000+/CE22800-/CE23500+,False
2024-03-01,2024-03-28,22338.75,22326.9,3727.7500000000005,362.00292487499996,3365.7470751250003,38884.252924875,PE21200-/PE20550+/CE23450-/CE24000+,False
2024-04-01,2024-04-25,22462.0,22570.35,1410.5,357.54259127,1052.95740873,44447.04259127,PE21350-/PE20650+/CE23600-/CE24250+,False
2024-04-26,2024-05-30,22419.95,22488.65,3211.0000000000005,361.1475499,2849.8524501000006,39400.1475499,PE21300-/PE20650+/CE23550-/CE24200+,False
2024-05-31,2024-06-27,22530.7,24044.5,12112.75,855.840252495,-14385.590252495,34243.090252495,PE21400-/PE20700+/CE23650-/CE24350+,False
2024-06-28,2024-07-25,24010.6,24406.1,3383.25,362.402521865,3020.847478135,42479.152521865,PE22800-/PE22100+/CE25200-/CE25800+,False
2024-07-26,2024-08-29,24834.85,25151.95,3451.5,372.37355443,3079.12644557,45670.87355443,PE23600-/PE22850+/CE26100-/CE26550+,False
2024-08-30,2024-09-26,25235.9,26216.05,2057.2500000000005,360.323609965,1696.9263900350004,47053.073609965,PE23950-/PE23200+/CE26500-/CE27000+,False
2024-09-27,2024-10-31,26178.95,24205.35,2769.0,367.62188191999996,-39500.871881920095,46348.62188192,PE24850-/PE24100+/CE27500-/CE27950+,False
2024-11-01,2024-11-28,24304.35,23914.15,5216.25,407.60742771500003,4808.642572285,43941.357427715,PE23100-/PE22450+/CE25500-/CE26250+,False
2024-11-29,2024-12-26,24131.1,23750.2,3298.75,363.208039175,2935.541960825,42564.458039175,PE22900-/PE22200+/CE25350-/CE26050+,False
2024-12-27,2025-01-30,23813.4,23249.5,4946.500000000001,373.53412605,4572.965873950001,40927.03412605,PE22600-/PE21900+/CE25000-/CE25700+,False
2025-01-31,2025-02-27,23508.4,22545.05,5931.25,413.391189855,5517.8588101450005,39982.141189855,PE22350-/PE21650+/CE24700-/CE25400+,False
2025-02-28,2025-03-27,22124.7,23591.95,3347.4999999999995,362.59535288,-19241.845352880046,62015.09535288,PE21000-/PE20000+/CE23250-/CE23900+,False
2025-03-28,2025-04-24,23519.35,24246.7,2262.0,361.91789181,1900.0821081899999,43599.91789181,PE22350-/PE21650+/CE24700-/CE25400+,False
2025-04-25,2025-05-29,24039.35,24833.6,8047.000000000001,572.0863390000001,7474.9136610000005,41275.086339,PE22850-/PE22100+/CE25250-/CE26000+,False
2025-05-30,2025-06-26,24750.7,25549.0,5645.250000000001,400.791187245,5244.4588127550005,43505.541187245,PE23500-/PE22750+/CE26000-/CE26750+,False
2025-06-27,2025-07-31,25637.8,24768.35,3422.25,366.156387305,3056.093612695,45693.906387305,PE24350-/PE23600+/CE26900-/CE27300+,False
2025-08-01,2025-08-28,24565.35,24500.9,2122.25,360.854274515,1761.395725485,43738.604274515,PE23350-/PE22800+/CE25800-/CE26500+,False
2025-08-29,2025-09-30,24426.85,24611.1,2528.5,361.24903543999994,2167.2509645600003,46582.74903544,PE23200-/PE22600+/CE25650-/CE26400+,False
2025-10-01,2025-10-28,24836.3,25936.2,1147.25,358.15244681499996,789.097553185,47960.902446815,PE23600-/PE22850+/CE26100-/CE26800+,False
2025-10-29,2025-11-25,26053.9,25884.8,1553.5,360.60359636,1192.89640364,50807.10359636,PE24750-/PE23950+/CE27400-/CE27700+,False
2025-11-26,2025-12-30,26205.3,25938.85,2408.25,361.632909645,2046.617090355,49953.382909645,PE24900-/PE24100+/CE27500-/CE28000+,False
2025-12-31,2026-01-27,26129.6,25175.4,786.4999999999999,357.20453979,429.2954602099999,48320.70453979,PE24800-/PE24050+/CE27400-/CE27950+,False
2026-01-28,2026-02-24,25342.75,25424.65,3945.4999999999995,365.47615184,3580.0238481599995,48419.97615184,PE24100-/PE23300+/CE26600-/CE27350+,False
2026-02-25,2026-03-30,25482.5,22331.4,3471.0,467.9749188599999,-45746.97491886,45656.08866886,PE24200-/PE23450+/CE26750-/CE27500+,False
2026-04-01,2026-04-28,22679.4,23995.7,19987.5,898.56221197,6368.437788029953,26411.06221197,PE21500-/PE20900+/CE23800-/CE24500+,False
2026-04-29,2026-05-26,24177.65,23913.7,6571.500000000001,441.29202599999996,6130.207974000001,39369.792026,PE22950-/PE22250+/CE25400-/CE26100+,False
2026-05-27,2026-06-30,23907.15,23865.75,5349.500000000001,396.21035001,4953.289649990001,40546.71035001,PE22700-/PE22000+/CE25100-/CE25800+,False
2026-07-01,2026-07-28,24005.85,23985.35,2986.7499999999995,362.035715035,2624.7142849649995,46125.285715035,PE22800-/PE22100+/CE25200-/CE25950+,False
2026-07-29,2026-08-25,24250.2,24334.55,2089.7500000000005,359.810317705,1729.9396822950005,47020.060317705,PE23050-/PE22300+/CE25450-/CE26200+,False
2026-08-26,2026-09-29,24207.75,22716.2,1761.4999999999998,359.61157052,-17045.11157051995,50598.11157052,PE23000-/PE22250+/CE25400-/CE26200+,False
