rule,cagr_A,dd_A,sh_A,cagr_B,dd_B,sh_B,cagr_all,dd_all,sh_all,base_rate,top_rate,recall,passes
"Universe: all 500, equal weights (no costs)",8.356323940935862,-57.31452396617205,0.1894538585616384,14.545544517700982,-59.60367532734938,0.5522661630421003,11.8000763333856,-59.60367532734938,0.3776305765675948,,,,
"FRAMEWORK: top 20 qualified, after costs",12.319189013298315,-57.72425374199073,0.3410426241224362,11.412035345350112,-68.51366184173298,0.39250814387534827,11.807328936345307,-68.51366184173298,0.3658891482345327,,,,
Nifty 500 TRI (with dividends),12.342384698841414,-46.57848465637125,0.35671738560960686,13.088022858371495,-38.10593207227172,0.5444788419958715,12.761759497070457,-46.57848465637125,0.4432332130241625,,,,
multibagger A,,,,,,,,,,0.14592633928571427,0.15811373092926492,0.2179732313575526,
multibagger B,,,,,,,,,,0.25116279069767444,0.23529411764705882,0.18803418803418803,
"verdict: Portfolio beats the universe (CAGR and Sharpe, A and B)",,,,,,,,,,,,,False
"verdict: Score ranks next-year returns (t >= 2, positive in A and B)",,,,,,,,,,,,,True
verdict: Top fifth finds 3x stocks at >= 1.5x the base rate (A and B),,,,,,,,,,,,,False
"equal pillar weights, top 20",14.671868400901333,-55.18925647925348,0.4444486775061704,10.501891418700815,-61.25713582219483,0.3695720729325323,12.304140125183928,-61.25713582219483,0.4039533373816571,,,,
"without economics, top 20",14.559961795929311,-58.93029526965529,0.4134119191492586,14.026723100148386,-70.63749056764921,0.5008597579897415,14.25930848591539,-70.63749056764921,0.45496527871700143,,,,
"without growth, top 20",9.380947197054512,-52.19706162310855,0.23183262066937171,13.6123541834827,-65.88697122158136,0.5062485486317705,11.74452264749899,-65.88697122158136,0.3684402832508808,,,,
"without strength, top 20",4.602589272952651,-69.97176580699815,0.06304259994181893,13.711668621133843,-66.38076276233915,0.4931237158106296,9.639585903656013,-69.97176580699815,0.2752455807412987,,,,
"without governance, top 20",-0.3511343099116826,-69.21992173375966,-0.14646813979893153,13.07152658705759,-67.48453704711518,0.4647167565983158,7.0000769969420285,-69.21992173375966,0.1670892686211813,,,,
"without valuation, top 20",16.79825428912396,-59.42442280172153,0.5169881993357085,11.51184357269781,-49.893651907265834,0.42401205179637536,13.790591078218895,-59.42442280172153,0.4666661189929548,,,,
"without inflection, top 20",8.825338087364276,-58.43312060451529,0.21010492026115296,10.973422230936713,-65.5463908122852,0.3788478173590226,10.03008251406332,-65.5463908122852,0.2955932067034469,,,,
"without resilience, top 20",9.858471260240709,-60.17397244370477,0.25009219320985704,10.709463600845881,-67.69261448866868,0.3587925441908,10.336985898086937,-67.69261448866868,0.30446688093962515,,,,
"only economics, top 20",2.060665444499321,-52.772978907752744,-0.08011387035117146,8.78966068240128,-53.53431830282067,0.28369622493788177,5.7978679455444215,-53.53431830282067,0.10410425255363984,,,,
"only growth, top 20",3.520275523770855,-72.61987278117851,0.04350540787803772,13.627333613258873,-72.02290302525547,0.4587532751816258,9.097072358228363,-72.61987278117851,0.2534822748166651,,,,
"only strength, top 20",14.85157252563869,-49.00107352647737,0.49113465136965256,12.506436056967662,-45.92392794665747,0.4762343052939057,13.524723432911845,-49.00107352647737,0.4826884194074152,,,,
"only governance, top 20",18.004908305652954,-57.40296563138888,0.567370349383748,13.65369139286119,-43.78527004712749,0.5208887442708441,15.533989163516026,-57.40296563138888,0.5405663063612263,,,,
"only valuation, top 20",-12.711719767165675,-82.64314346040607,-0.5428181776531661,22.27321918856746,-75.1072890014586,0.7347862531459943,5.536348144792269,-89.57110646095501,0.1299926081063385,,,,
"only inflection, top 20",1.68111101083519,-67.58889864963282,-0.03627195930974467,16.628211076780186,-64.47427477351822,0.569691113273968,9.847303590797974,-67.58889864963282,0.2808928226777752,,,,
"only resilience, top 20",15.715389080568531,-27.999875955689667,0.6988920856460875,10.478316597030869,-27.98211657009897,0.4615423353575726,12.735798382854613,-27.999875955689667,0.5677001941850014,,,,
top 10,11.686953499952168,-60.666903399832705,0.3115907490757035,8.39358785290807,-70.92249682328978,0.25350068546111754,9.81984469548216,-70.92249682328978,0.2802540238025248,,,,
top 30,12.005114732472233,-54.34712708502497,0.3355820598812404,15.504035317955257,-61.9846193872974,0.595013132003973,13.962639171133361,-61.9846193872974,0.4676909182631304,,,,
top 50,10.975106821553805,-51.49225882381992,0.2963787936982212,14.038585555531014,-60.926364288500224,0.5411430146176144,12.690348359640357,-60.926364288500224,0.4195780556038152,,,,
"top 20, two-year holds",9.134145554669516,-58.82152577031239,0.22284716683751557,13.774814366646249,-53.19221067815967,0.5164584135547283,11.7242177595561,-58.82152577031239,0.36637354444599085,,,,
