section,rule,recall,precision,official,detected,passes,cagr_A,dd_A,sh_A,cagr_B,dd_B,sh_B,cagr_all,dd_all,sh_all,A_pct_day,A_t,A_trades,B_pct_day,B_t,B_trades,last3_pct_day,last3_t,last3_trades
data,detection rule validation,0.7339055793991416,0.9712643678160919,233.0,174.0,False,,,,,,,,,,,,,,,,,,
momentum,"benchmark: NIFTYBEES held (price, no dividends)",,,,,,5.26239592846518,-25.383649671281027,0.4074539936216083,11.464025761904573,-36.33661476577137,0.8318523237186568,9.476647247747438,-36.33661476577137,0.689435868041803,,,,,,,,,
momentum,"LIVE RULE (top-50 universe, last session)",,,,,,4.0137252813893465,-21.951131326490405,0.35203183170149815,8.377955809588155,-31.121267101278583,0.5484475983273754,6.9745524417655025,-31.121267101278583,0.4928536094269386,,,,,,,,,
verdict,momentum (live rule) in A,,,,,False,,,,,,,,,,,,,,,,,,
momentum,neighbour: top-100 universe,,,,,,14.253687060149023,-18.041436941451938,0.9069356243033132,11.833632621214152,-33.444819541910334,0.7053652453873375,12.59244112994946,-33.444819541910334,0.762764704536759,,,,,,,,,
momentum,reference: no 200-day filter,,,,,,1.6664337048751587,-26.049389025787985,0.18464942828201192,4.090452892486018,-37.63778812140222,0.3049466615175456,3.366217727047416,-37.63778812140222,0.27290669213139546,,,,,,,,,
momentum,(a) 3 tranches: 7th / 14th / last session,,,,,,1.6196119099970652,-16.74036504167806,0.18927962017101174,7.3897027353190925,-34.43847000086103,0.5075484436536746,5.526016592667937,-34.43847000086103,0.42061683028390473,,,,,,,,,
verdict,(a) 3 tranches,,,,,False,,,,,,,,,,,,,,,,,,
momentum,(b) + Quality 30 below its 150-day average = cash,,,,,,4.0137252813893465,-21.951131326490405,0.35203183170149815,9.882963581615623,-23.325494670431745,0.6528734545234189,7.987029050765204,-23.325494670431745,0.5664710403886271,,,,,,,,,
verdict,(b) Quality 30 check,,,,,False,,,,,,,,,,,,,,,,,,
momentum,live rule with the live engine's buy delay (no parking),,,,,,3.5077246552156494,-23.71987727818108,0.31898490783975275,7.884001228960513,-31.877133469608864,0.526067398998648,6.476673008912459,-31.877133469608864,0.4676831824682382,,,,,,,,,
momentum,(c) cash parked,,,,,,6.319983851672539,-22.487905999536327,0.5119777810493843,8.881509873383742,-31.75511868220112,0.5795959323073946,8.063035876269954,-31.75511868220112,0.5586111247135975,,,,,,,,,
momentum,"(c) cash parked, rate 1 point lower",,,,,,5.976422004828819,-22.62263706045794,0.48849111274154755,8.664356683582696,-31.71717749376246,0.5683400043447739,7.805013905139191,-31.71717749376246,0.5441119479673601,,,,,,,,,
verdict,(c) cash parking,,,,,True,,,,,,,,,,,,,,,,,,
etf,benchmark: hold every listed ETF (same slices),,,,,,13.272509120828492,-7.263240661866732,1.2515263881346823,19.530911736562338,-26.24673427713492,1.3092960453867628,17.534222334888973,-26.24673427713492,1.2833249855130646,,,,,,,,,
etf,LIVE RULE,,,,,,9.500011845213141,-6.8564469833143455,1.1168810234365512,12.646156141891218,-14.332233138391604,1.272590919814744,11.658940584352372,-14.332233138391604,1.2273463581663764,,,,,,,,,
verdict,ETF trend (live rule) in A,,,,,False,,,,,,,,,,,,,,,,,,
intraday,"gap reversal: buy 3%+ gap-downs, stop 1 ATR (live paper rule)",,,,,False,,,,,,,,,,2.7508420739560733,11.059761643989944,592.0,0.37265951074548814,2.5163412817808397,1308.0,-0.08845210665254374,-0.4298321516877084,302.0
intraday,  neighbour: 4% gaps,,,,,False,,,,,,,,,,3.4290258821717594,10.000660723572466,371.0,0.5261156384652053,2.4557144053832265,843.0,0.07456207930622187,0.2364558238201727,172.0
intraday,  neighbour: 2% gaps,,,,,False,,,,,,,,,,1.936906144171518,11.662075235351761,1075.0,0.2516831430675704,2.4604593467890763,2260.0,-0.08808829431091876,-0.6102472667546024,567.0
intraday,"gap fade both ways: 1%+ gaps, stop 0.5 ATR, top 10",,,,,True,,,,,,,,,,0.7472424911877906,10.571840155308177,10422.0,0.2895816088437351,10.049687642716702,20573.0,0.1404959514612289,3.2318451176968086,5404.0
