group,cash_yield,rule,med_after_tax,p10_after_tax,med_pre_tax,med_maxdd,p90_maxdd,beats_hold_pct,h1_med,h1_p10,h2_med,h2_p10,n
random 13-stock portfolios,0.0,H0 hold,19.486430645763363,8.070070879520339,20.384850874567285,-16.236796268552123,-29.7500965424781,0.0,16.755291095148717,3.091668317704832,21.505514698981344,14.9228187952571,2000
random 13-stock portfolios,0.0,T200,12.425808214666178,2.674744154764204,12.906898493616314,-11.65015671845956,-18.161624845250866,2.8000000000000003,10.201397060993521,-0.14628590593912527,14.351145580130853,7.432553482861957,2000
random 13-stock portfolios,0.0,T200 band3%,12.790180021279552,2.7250833579665006,13.225154788858829,-12.896347727545866,-19.922138818949062,3.2,10.502118034698837,-0.5415471197393551,14.936318888874911,7.699677948495517,2000
random 13-stock portfolios,0.0,T150,11.770716551896632,2.039136337555134,12.351506051379403,-11.584884793179494,-18.794046314107444,2.3,9.489909050149404,-1.398625659331848,13.558131239248628,6.855298376659662,2000
random 13-stock portfolios,0.0,T250,12.904265158233684,3.47312563584552,13.17461460819046,-12.163904950443765,-19.374280958002654,3.3000000000000003,11.120006553960305,0.530346681209326,14.101572947156582,7.030733779674936,2000
random 13-stock portfolios,0.0,T150 band3%,12.021717948816645,2.54549105026944,12.47742228712374,-12.339126551050754,-20.3289410406039,2.1999999999999997,9.939852366918778,-1.0771946663151288,13.891261365869545,7.190241735336745,2000
random 13-stock portfolios,0.0,T250 band3%,12.911827452655011,2.46164982004331,13.234169996343182,-13.566773769406193,-20.9881316434825,3.5999999999999996,10.756349008610789,-0.4611944131848844,15.211516089623345,7.723432982218623,2000
random 13-stock portfolios,0.0,MKT,15.618537138648437,5.442738226661197,16.399674383974983,-10.816456356353576,-15.876810745253614,16.35,12.548978469763139,2.392842222052849,17.39426893578915,10.132441240390854,2000
random 13-stock portfolios,0.0,TRAIL25,16.263781539253163,3.486378371661649,16.74385095874954,-15.190702694726642,-27.425475360908923,9.75,12.323248036341216,-0.8334248184643234,19.90451490910924,12.586500225698602,2000
random 13-stock portfolios,0.0,MOM,24.31518073022132,7.426758141015222,25.678566674188076,-22.861618178748124,-28.818001248223965,70.25,20.213561895462007,1.9113887262521945,26.86602488351536,17.764728760192362,2000
random 13-stock portfolios,0.0,MOM+MKT,21.96630007080157,8.44205911321068,22.88457669590005,-11.84750616156122,-14.877610805087919,57.15,14.681170828939283,5.477497174474088,26.069211285749795,14.956231636428093,2000
random 13-stock portfolios,0.06,H0 hold,19.486430645763363,8.070070879520339,20.384850874567285,-16.236796268552123,-29.7500965424781,0.0,16.755291095148717,3.091668317704832,21.505514698981344,14.9228187952571,2000
random 13-stock portfolios,0.06,T200,14.19034813134401,4.783476130991824,14.575321993647671,-10.470250102310747,-16.838441249766653,7.000000000000001,12.118063445663152,1.917794865237754,15.928618489576552,9.180994387954259,2000
random 13-stock portfolios,0.06,T200 band3%,14.426702849241458,4.687362910925901,14.771542106287594,-11.704531025129722,-18.961984264936042,8.450000000000001,12.26730184791338,1.8423043290653363,16.33444987330792,9.363130837703315,2000
random 13-stock portfolios,0.06,T150,13.677528460971288,4.280169627609663,14.212601684359182,-10.320371856719278,-17.008570324837866,6.2,11.491141049842213,1.1086373830756502,15.323877952225196,8.726465028271848,2000
random 13-stock portfolios,0.06,T250,14.37615159358444,5.41191477759395,14.732879869254267,-11.030594801050292,-18.219887187873944,8.55,12.90832819578882,2.6534404267831713,15.53047379109902,8.73100254967322,2000
random 13-stock portfolios,0.06,T150 band3%,13.781340604678649,4.67943416314704,14.196572892315407,-11.128003238965427,-18.9194029366951,6.15,11.916589119625431,1.2692962856262535,15.515778728363427,8.883429010763962,2000
random 13-stock portfolios,0.06,T250 band3%,14.446173649900073,4.4887127048465025,14.816593091842789,-12.523777187689937,-20.0543312366042,8.95,12.457477264009686,1.5279520255357837,16.286581660998923,9.30895069317241,2000
random 13-stock portfolios,0.06,MKT,16.656160638228812,6.284409592685977,17.395303422006503,-10.333444274458515,-15.352226711725669,25.4,13.252313318205932,3.456638816252411,18.684065144590722,11.442730193930032,2000
random 13-stock portfolios,0.06,TRAIL25,16.67666406023066,4.379395186189161,17.181804563833325,-15.010114373594025,-27.11676704948464,17.0,12.939865951078955,0.08539707591634915,20.122187139216386,12.989261678499089,2000
random 13-stock portfolios,0.06,MOM,24.31518073022132,7.426758141015222,25.678566674188076,-22.861618178748124,-28.818001248223965,70.25,20.213561895462007,1.9113887262521945,26.86602488351536,17.764728760192362,2000
random 13-stock portfolios,0.06,MOM+MKT,23.279394271351663,9.307444694113606,24.131446380819522,-11.388649942676421,-14.650486125266148,61.45,15.460465013285452,6.508441709785274,27.367761418953897,16.297745761091516,2000
owner's 9 Nifty 50 names,0.0,H0 hold,16.485271027138815,5.6011286092914725,16.985235220359364,-12.96462855948829,-29.017417767289306,0.0,16.57493037034744,8.151217988751927,16.010633573760135,4.364089719383464,100
owner's 9 Nifty 50 names,0.0,T200,10.373783155222426,2.7079878198004526,10.669011834293585,-11.110530572395577,-16.20877023800914,3.0,10.922901062195256,3.462323459248151,10.207254710249735,2.3647323593484297,100
owner's 9 Nifty 50 names,0.0,T200 band3%,9.54487009128443,0.6517405246131981,9.678678071830781,-13.12346807148158,-19.352030977455993,3.0,8.400171159857505,0.5843082683505308,9.878779388549642,1.8288599781785142,100
owner's 9 Nifty 50 names,0.0,T150,8.87168413198559,0.016935235270115874,9.209554720201861,-10.545856478448956,-19.294252166995335,1.0,7.177804322719528,-0.48608789037047456,9.53875453235461,1.631376371078997,100
owner's 9 Nifty 50 names,0.0,T250,10.817697485604949,2.5617151860705434,10.924278469616588,-11.210371104608214,-15.683581245755454,2.0,11.705677311757977,3.902179736593419,10.045856458934765,1.3215149418867682,100
owner's 9 Nifty 50 names,0.0,T150 band3%,9.953279698501639,0.6964413625699417,10.132502532855037,-13.191851885034994,-18.249368594194237,1.0,10.726169145682274,1.424597940717396,8.864769313902132,-0.16389916089509546,100
owner's 9 Nifty 50 names,0.0,T250 band3%,9.592624251855941,-0.4516714610517991,9.672718619390563,-14.095999422869292,-23.596733013940714,0.0,6.936993382867174,-0.545878597363375,10.375902217915412,0.7801720806846295,100
owner's 9 Nifty 50 names,0.0,MKT,13.854096115938486,6.148396377921359,14.3341182320879,-9.35254434802279,-12.322677567487068,19.0,14.137374121280288,5.0096254418927755,13.66772692158148,6.6106311629996055,100
owner's 9 Nifty 50 names,0.0,TRAIL25,14.086237371345444,3.368905121960391,14.465907643322605,-12.96462855948829,-28.31999470863981,10.0,12.144464703130897,2.7578290772014546,15.077289762268176,4.56571554019336,100
owner's 9 Nifty 50 names,0.0,MOM,25.0352045801011,5.678522348711312,26.364251947990546,-21.18256506940663,-31.089155727392228,87.0,21.614433332135143,3.9997154286904646,30.32856747739836,11.919879764174288,100
owner's 9 Nifty 50 names,0.0,MOM+MKT,21.037065371153098,8.200670478926467,21.551948035909884,-11.619697499636944,-17.013917231754494,67.0,16.396421176863306,7.265056721660453,25.398722816561335,10.999938577439135,100
owner's 9 Nifty 50 names,0.06,H0 hold,16.485271027138815,5.6011286092914725,16.985235220359364,-12.96462855948829,-29.017417767289306,0.0,16.57493037034744,8.151217988751927,16.010633573760135,4.364089719383464,100
owner's 9 Nifty 50 names,0.06,T200,11.84090858453375,4.427965403955724,12.318728073597885,-10.38558066069923,-15.080654886860403,6.0,12.158345399488635,4.844066146910353,11.833534230814724,4.343868115094274,100
owner's 9 Nifty 50 names,0.06,T200 band3%,10.998710134228396,2.1955989168058654,11.060078400606987,-12.201150185713377,-18.722408722591386,5.0,9.922710794632195,2.1483154782946623,11.292368794124929,3.5321921765751267,100
owner's 9 Nifty 50 names,0.06,T150,10.681211343189489,2.186825856015604,10.953272353907506,-8.529207517080728,-17.011439871915098,6.0,8.723891190538735,1.2346232724638462,11.453628473707,3.794706173300946,100
owner's 9 Nifty 50 names,0.06,T250,12.217391338813954,4.324899401839604,12.378581745931216,-10.77750229623459,-14.940501728204806,5.0,12.980146470007025,5.540124738960448,11.389960113586762,3.1837042152141164,100
owner's 9 Nifty 50 names,0.06,T150 band3%,11.508064779437376,2.3282455272833014,11.683756047967753,-11.907171381890391,-17.564850728887475,3.0,12.296676282831843,3.042685858283065,10.328996577113958,1.7447583583635522,100
owner's 9 Nifty 50 names,0.06,T250 band3%,10.99548759737421,1.2502104462367105,11.070643592639428,-13.826404210493504,-23.147375893897145,3.0,8.60704556651254,0.5549750577738455,11.772340616659438,2.34838549718744,100
owner's 9 Nifty 50 names,0.06,MKT,14.893091582231733,7.675286275178084,15.176200239305205,-8.628032088932041,-10.62372282569401,31.0,14.893091582231733,6.245988878798525,14.863476962167788,8.139667907406631,100
owner's 9 Nifty 50 names,0.06,TRAIL25,14.291350792332135,3.8072553440877677,14.532549446718734,-12.96462855948829,-28.286871544476874,10.0,12.569828869896549,3.198077130826993,15.123520403062019,4.817724815552,100
owner's 9 Nifty 50 names,0.06,MOM,25.0352045801011,5.678522348711312,26.364251947990546,-21.18256506940663,-31.089155727392228,87.0,21.614433332135143,3.9997154286904646,30.32856747739836,11.919879764174288,100
owner's 9 Nifty 50 names,0.06,MOM+MKT,22.34315871670961,9.142448121087153,22.791720395425596,-11.407550565765838,-16.795028113141324,72.0,16.840446148544018,7.984731461221154,26.89148482970819,12.343340573614132,100
