side,period,horizon,from,to,idea_days,ideas,stopped_trading,mean_net_x_pct,t_net_x,mean_gross_x_pct,t_gross_x,mean_uni_x_pct,t_uni_x,hit_rate_pct,mean_idea_pct,mean_nifty_pct
BUY,A,20,2011-01-03,2015-08-19,783,3914,8,1.9005110194240677,3.693253563688063,2.273262814985791,4.406887976903344,2.2979743516021527,4.316989633523191,54.547777210015326,2.5182464974597063,0.2428639146090184
BUY,B,20,2016-04-18,2026-08-06,2042,10209,63,0.7496334855973303,1.5428884609287832,1.120793332119449,2.3019390552865273,0.7372606096585066,1.801097276155533,48.55519639533745,1.7361402816196951,0.6153798849790001
WATCH,A,20,2011-01-28,2015-12-31,448,2118,0,-0.5399071341770473,-0.6580425674539935,-0.1704305406398239,-0.2075408441950558,-0.2997247649646135,-0.3118932949057514,44.38149197355996,0.8703737672171734,0.8885413865105832
WATCH,B,20,2016-01-01,2026-09-03,573,2806,22,0.2697852512499302,0.3353026610101007,0.6427099151736788,0.7976910591199854,0.038028696967390564,0.05438744613748705,50.49893086243763,2.6578226745240774,1.9763853493729062
AVOID,A,20,2011-01-03,2015-12-31,1215,5344,0,-0.39272034063568767,-0.609423631416653,-0.02406384320803058,-0.037239007360942114,-0.062504299465132,-0.11563423314678828,53.517964071856284,0.3499163317573746,0.43130586886562844
AVOID,B,20,2016-01-01,2026-09-03,2583,12344,7,-0.3388908867517228,-0.7707161033829579,0.03064735586861325,0.0695294833792541,-0.40097348413241596,-1.1072869705250317,52.48703823720026,1.0066564719353026,0.8261642337432056
BUY,A,5,2011-01-03,2015-08-19,783,3914,1,0.09866196911163792,0.5986320954787507,0.4673484680325013,2.830080437577491,0.47280499857146063,2.9818059170810254,47.70056208482371,0.5208612082409965,0.053583620073952495
BUY,B,5,2016-04-18,2026-08-06,2042,10209,11,-0.07890739955807215,-0.6383022477189036,0.2897139462856618,2.3389312152063773,0.1856960378128863,1.7171294357873355,45.64599862866098,0.4893859819433269,0.1996214979569772
WATCH,A,5,2011-01-28,2015-12-31,448,2118,0,-0.449508934104549,-1.8462343673805075,-0.08150368184109812,-0.3344038725966972,-0.1728183529409115,-0.6443019229113778,45.27856468366384,0.19589907143793342,0.2111079362753991
WATCH,B,5,2016-01-01,2026-09-03,573,2806,4,-0.3376845310344752,-1.5328914888949314,0.030610577078038163,0.13877451927433074,-0.07527723842113125,-0.3470939622121126,44.61867426942266,0.2538910740491246,0.3083185630539978
AVOID,A,5,2011-01-03,2015-12-31,1215,5344,0,-0.4482352852288819,-2.4501665767981438,-0.0805134272634612,-0.4389913722545557,-0.11946955001561312,-0.762522696104706,52.86302395209581,-0.002591304838930113,0.10046092560030877
AVOID,B,5,2016-01-01,2026-09-03,2583,12344,7,-0.35830069263445674,-2.843071609613832,0.009807949065667067,0.0776497621264956,-0.09042040315021982,-0.8491395335608107,53.17563188593649,0.2760926664660878,0.20838990971347063
BUY,A,60,2011-01-03,2015-08-19,783,3914,38,4.370307525131584,2.6148476787087276,4.752808800007969,2.835120391809954,4.61933760277805,3.30262710757834,57.76699029126213,7.305981985630792,2.5523153012786484
BUY,B,60,2016-04-18,2026-02-26,2041,10204,164,3.8263177706412197,2.431036384256172,4.206362343807375,2.666708529248468,3.2663595153003695,2.806499404741004,52.13641709133673,6.100485832634525,1.8940942805867402
WATCH,A,60,2011-01-28,2015-12-31,448,2118,22,0.6789486291448823,0.26484106830010584,1.0488643684133163,0.40851345971858094,1.3781016471458287,0.49816871684544645,49.52785646836638,1.2597605522665174,-0.022946143271467007
WATCH,B,60,2016-01-01,2026-07-09,534,2611,28,2.5183425472977894,1.053380000605683,2.9057535843750872,1.2135456869447498,0.7793480601266095,0.4111532815577246,52.929911911145155,9.917348494397096,6.70737698614354
AVOID,A,60,2011-01-03,2015-12-31,1215,5344,0,-1.1826990946218032,-0.6807842299430544,-0.8134501852386073,-0.4668063826135715,-0.782079979592629,-0.5988365036070781,58.21482035928144,0.47455039790494136,1.3932534715118703
AVOID,B,60,2016-01-01,2026-07-09,2543,12144,7,-2.2097471102923616,-2.148843191511086,-1.8398422732601398,-1.7844520405491604,-2.958391811871326,-4.148849912717953,56.45586297760211,0.8026799942562413,2.6484379949008217
