strategy,feature,group,h1_days,h1_bps,h2_days,h2_bps,h2_t,passed
ORB 15m stocks,(all days),all,273,-11.633870139455844,272,-11.592401744411216,-7.863292450170374,False
ORB 15m stocks,nr7,True,45,-11.27101191909702,43,-3.9506290820168015,-1.1879557857707268,False
ORB 15m stocks,above200,False,78,-9.09637401108944,146,-13.291864269650976,-6.145222197797412,False
ORB 15m stocks,prev_range_atr,low,91,-8.111303554412778,100,-7.399839606096449,-3.3987358995155525,False
ORB 15m stocks,dow,high,53,-6.636069763961611,55,-12.621849456842869,-4.281453216481987,False
ORB 15m stocks,expiry_week,False,212,-10.996195860200572,209,-10.997465001295435,-6.343871908768093,False
ORB 15m stocks,mkt_gap_abs,high,91,-10.368246229579698,88,-9.67619831959025,-3.030177891888676,False
ORB 15m stocks,mkt_gap,mid,90,-10.363025579959091,80,-11.631128681562133,-5.0897509190574,False
ORB 15m stocks,first_bar_range_atr,low,91,-5.65762507458323,23,-6.625004420246593,-1.2416981787153392,False
ORB 15m stocks,prev5_pnl,low,90,-4.513439536833257,73,-7.4028384653511345,-2.495441562152238,False
ORB 15m ETFs,(all days),all,268,-8.533302489668946,261,-6.1364225416035,-2.4394537398719254,False
ORB 15m ETFs,nr7,True,44,-5.946100693467719,41,0.2690064697248417,0.038895027457443665,False
ORB 15m ETFs,above200,False,78,-7.059522462134535,136,-6.7923861644865555,-1.6663688320102001,False
ORB 15m ETFs,prev_range_atr,mid,89,-4.270977169157674,85,-7.090011158424752,-1.5513667491197016,False
ORB 15m ETFs,dow,low,112,-4.428372027100635,106,-8.596517741164153,-2.3006691390337575,False
ORB 15m ETFs,expiry_week,False,209,-6.792193434273045,200,-5.591111097966848,-1.893964578853845,False
ORB 15m ETFs,mkt_gap_abs,mid,89,-5.801294884022965,86,-7.8689712010687884,-2.308900018482515,False
ORB 15m ETFs,mkt_gap,mid,88,-6.151019334310596,76,-5.430882352495912,-1.3852070538635954,False
ORB 15m ETFs,first_bar_range_atr,low,90,-4.444388020982516,23,4.709756728658894,0.5379241954098922,False
ORB 15m ETFs,prev5_pnl,low,88,-4.201847266695185,64,-3.5935441648006683,-0.794774876652074,False
"Gap-down reversal (daily, 12y)",(all days),all,167,43.99598080667972,167,55.62461265046759,1.8280411684407805,False
"Gap-down reversal (daily, 12y)",nr7,False,144,45.878077039317354,146,51.77002895144963,1.56260167808306,False
"Gap-down reversal (daily, 12y)",above200,True,100,67.37651226889466,124,34.94389826076053,0.9991025059520384,False
"Gap-down reversal (daily, 12y)",prev_range_atr,low,56,100.30081850730062,67,-37.14745433112869,-0.9249476110574216,False
"Gap-down reversal (daily, 12y)",dow,high,31,109.06754293819594,34,108.46699628518918,2.1052969105738466,True
"Gap-down reversal (daily, 12y)",expiry_week,True,50,67.50074435286407,43,129.93072630819512,1.936544681650642,False
"Gap-down reversal (daily, 12y)",mkt_gap_abs,mid,55,135.65322759803337,48,69.14173547938731,1.1339303810246746,False
"Gap-down reversal (daily, 12y)",mkt_gap,high,56,125.58036899527697,45,71.72047085453737,1.4356102870728427,False
"Gap-down reversal (daily, 12y)",prev5_pnl,high,49,75.13159317097553,35,85.88667896676941,1.5915698447495719,False
