method,universe,side,trades,win,gross_bps,net_bps,h1_bps,h2_bps,n_h1,n_h2,t_day,annual_pct
ORB 15m,stocks,both,25332,40.72319595768199,0.38551415860953614,-11.499485841390467,-11.492377818652733,-11.506672867238972,12736,12596,-9.42899307810388,-23.3730831916914
ORB 15m,stocks,long,11837,39.90031257920081,0.9755525855548696,-10.909447414445134,-8.391819489744975,-13.482554328261504,5983,5854,-5.029377047822434,-11.420844268786368
ORB 15m,stocks,short,13495,41.44497962208225,-0.13203195919349575,-12.017031959193499,-14.239399954274697,-9.791038029976155,6753,6742,-5.384081535263708,-13.53905428517419
ORB 15m,top10 vol,both,5129,43.06882433222851,6.245059747335468,-5.639940252664534,-3.4697733005588702,-7.841645373359324,2583,2546,-2.591805288648195,-11.873318612989458
ORB 15m,top10 vol,long,2370,41.47679324894515,7.394511444903298,-4.490488555096705,0.40972717551723814,-9.236046314146419,1166,1204,-1.2292331694678984,-4.653296964963083
ORB 15m,top10 vol,short,2759,44.436389996375496,5.257672823364551,-6.627327176635451,-6.6620792674641205,-6.590632904873732,1417,1342,-1.9682981797029493,-7.652985304741488
ORB 15m,ETFs,both,991,39.354187689202824,0.32452564264563544,-7.175474357354367,-8.249497889542885,-6.045859545031865,508,483,-3.8629919549265144,-14.71964253777045
ORB 15m,ETFs,long,466,38.197424892703864,0.6903382237260199,-6.809661776273981,-5.525363024504905,-8.15028942066451,238,228,-2.65693177000211,-6.907992062307455
ORB 15m,ETFs,short,525,40.38095238095238,-0.00017657218000114282,-7.5001765721800036,-10.650772326131921,-4.164251656230913,270,255,-2.7074948501160896,-8.398455661368542
ORB 30m,stocks,both,24299,41.20334170130458,0.3514220793655052,-11.533577920634496,-11.457959719930614,-11.610141818564346,12225,12074,-9.752693948978742,-22.60867456057799
ORB 30m,stocks,long,11389,40.36350864869611,0.9523893337926107,-10.932610666207392,-8.310949972161842,-13.65898752266959,5806,5583,-5.2566469062789105,-11.23341978686463
ORB 30m,stocks,short,12910,41.944229279628196,-0.17874182928440244,-12.063741829284405,-14.304437145627059,-9.847900936416817,6419,6491,-5.352871909731952,-12.858255633776905
ORB 30m,top10 vol,both,4892,44.27636958299264,5.812406995530141,-6.07259300446986,-4.403477883269684,-7.776179730816673,2471,2421,-2.801124560608132,-12.08832733391465
ORB 30m,top10 vol,long,2276,43.05799648506151,6.989599223784145,-4.895400776215857,0.2947513197661709,-10.040144717377393,1133,1143,-1.4051206196554062,-5.177825786629564
ORB 30m,top10 vol,short,2616,45.33639143730887,4.788213757186826,-7.096786242813175,-8.381873762970447,-5.7513659752306765,1338,1278,-2.0592047352195664,-7.355255945052264
ORB 30m,ETFs,both,952,40.02100840336135,0.4072310535619818,-7.092768946438021,-9.127507631487394,-4.988466545660464,484,468,-3.8777729313125593,-13.951968650338031
ORB 30m,ETFs,long,454,38.32599118942731,1.5012402150623034,-5.998759784937698,-6.593697468077604,-5.3315399533789245,240,214,-2.485531304344813,-5.900180535052502
ORB 30m,ETFs,short,498,41.566265060240966,-0.5901186639503597,-8.090118663950362,-11.619779923365876,-4.69942044624412,244,254,-2.8667927949899594,-8.563215862585249
ORB 30m mkt filter,stocks,both,14418,42.925509779442365,3.0825036917029185,-8.802496308297084,-8.402639521568332,-9.224703567063148,7405,7013,-4.047009834885916,-10.802842073537722
ORB 30m mkt filter,stocks,long,5774,42.67405611361275,5.297035865570702,-6.5879641344293,-1.7736484613184769,-11.599685469640105,2945,2829,-2.182885791741439,-3.670119124002136
ORB 30m mkt filter,stocks,short,8644,43.09347524294308,1.6032453886126146,-10.281754611387386,-12.779854470544976,-7.618866138193592,4460,4184,-3.408598204850174,-7.404476040738894
ORB 30m mkt filter,top10 vol,both,2881,46.338077056577575,8.14953430625028,-3.7354656937497204,-0.7271474660885578,-6.980368832532865,1495,1386,-1.125368704361596,-4.219424713717346
ORB 30m mkt filter,top10 vol,long,1143,44.794400699912515,8.53093758170169,-3.354062418298312,3.5808755651866324,-10.374466186790988,575,568,-0.7045278462881062,-1.5736008653670863
ORB 30m mkt filter,top10 vol,short,1738,47.35327963176064,7.898703498516701,-3.986296501483299,-3.4196618606355504,-4.623587295590792,920,818,-0.8799019229892632,-2.68812419392801
ORB 30m mkt filter,ETFs,both,640,42.8125,1.7376918037468447,-5.762308196253157,-7.956273549301449,-3.5127994165454157,324,316,-2.444182190613837,-7.441604303969984
ORB 30m mkt filter,ETFs,long,273,41.02564102564102,3.4836957886343503,-4.016304211365651,-5.094316114197244,-2.9143364884711325,138,135,-1.3558283997193448,-2.2713553841351097
ORB 30m mkt filter,ETFs,short,367,44.141689373297005,0.4388931991847495,-7.061106800815253,-10.0796613237336,-3.959166793838388,186,181,-2.0327754711981614,-5.290413000361582
Noise area,stocks,both,28904,26.45308607805148,1.4018522739302268,-10.483147726069774,-10.317155225812362,-10.632326166326076,13681,15223,-14.594694560617903,-25.310112597365464
Noise area,stocks,long,14001,26.476680237125922,1.944761423617875,-9.940238576382127,-8.152210457379278,-11.580141676626008,6698,7303,-9.593702605993665,-12.46844420311788
Noise area,stocks,short,14903,26.430919949003556,0.8918025520771264,-10.993197447922874,-12.39374122881462,-9.758349313836124,6983,7920,-9.25256248833994,-14.671381131120299
Noise area,top10 vol,both,4942,29.745042492917843,6.109632443032203,-5.775367556967799,-4.64933707241844,-6.813803293594221,2371,2571,-3.7561630512610584,-12.870996509194367
Noise area,top10 vol,long,2401,29.9875052061641,6.795567910004078,-5.089432089995921,-0.15735757651999127,-9.351387783706102,1113,1288,-2.385191312339406,-5.628995294156924
Noise area,top10 vol,short,2541,29.515938606847698,5.461489563772275,-6.423510436227724,-8.62356058508535,-4.266329542024379,1258,1283,-2.7831768357491122,-7.67872135819686
Noise area,ETFs,both,1009,26.7591674925669,1.4768930757669791,-6.023106924233022,-6.329811724862949,-5.748110326675738,477,532,-4.687548826071134,-13.377825813447009
Noise area,ETFs,long,406,25.615763546798032,0.7267996763478698,-6.773200323652132,-6.299102722157037,-7.251991960805595,204,202,-3.654747511032092,-6.278742856146991
Noise area,ETFs,short,603,27.52902155887231,1.9819310859894639,-5.518068914010536,-6.3527591115003315,-4.827552477905341,273,330,-3.1337225671083346,-7.574733541947087
Noise area 1.5x,stocks,both,16617,28.007462237467657,1.927746241599096,-9.957253758400906,-10.495039789002705,-9.467041345368731,7924,8693,-11.132998612122902,-14.727759401481688
Noise area 1.5x,stocks,long,8129,27.937015623077873,2.981242519944132,-8.90375748005587,-7.598057750972502,-10.118008628873422,3917,4212,-7.075453810185004,-6.699522962971893
Noise area 1.5x,stocks,short,8488,28.074929311969836,0.9188075933113017,-10.966192406688698,-13.326953600573535,-8.855152437062156,4007,4481,-7.885882499629146,-8.604544027910531
Noise area 1.5x,top10 vol,both,2693,32.677311548458974,7.62807393692925,-4.256926063070751,-5.857266769601121,-2.64585281827006,1351,1342,-2.1805185517753607,-5.296187977052758
Noise area 1.5x,top10 vol,long,1300,33.46153846153846,9.380677076936493,-2.5043229230635102,0.7787637500855605,-5.6200558527537074,633,667,-0.8768976031172759,-1.5471859722765657
Noise area 1.5x,top10 vol,short,1393,31.945441493180187,5.992478759607345,-5.892521240392657,-11.707694790439097,0.29310040247155983,718,675,-2.0929041497147614,-3.811177771664853
Noise area 1.5x,ETFs,both,561,30.65953654188948,2.0884498672487597,-5.411550132751239,-7.449166823409664,-3.58733248739826,265,296,-3.1790717355641314,-6.843046285934584
Noise area 1.5x,ETFs,long,201,32.83582089552239,1.9925742111726705,-5.507425788827331,-5.472423607607222,-5.544213795619895,103,98,-2.1058649364606694,-2.579029059592497
Noise area 1.5x,ETFs,short,360,29.444444444444446,2.141980441891243,-5.358019558108758,-8.705985040864304,-2.6187750722178564,162,198,-2.4326638621262124,-4.376312776812918
VWAP trend 30m,stocks,both,87473,27.62109450916283,0.7549263795118186,-11.130073620488183,-11.021364147426322,-11.236785826034906,43331,44142,-23.73112541619255,-59.77770425117848
VWAP trend 30m,stocks,long,43160,26.58248378127896,0.4881138360227545,-11.396886163977246,-10.461382180324726,-12.317936894985513,21412,21748,-13.05823946701816,-37.04255216910391
VWAP trend 30m,stocks,short,44313,28.63268115451448,1.0147966066909309,-10.87020339330907,-11.568393385967287,-10.186822735584883,21919,22394,-11.37586220200118,-36.151663078275796
VWAP trend 30m,top10 vol,both,17266,29.178732769605002,2.5015439917675213,-9.38345600823248,-8.933729631797748,-9.824412771912693,8548,8718,-10.536225357999761,-52.45831212370333
VWAP trend 30m,top10 vol,long,8495,28.004708652148324,2.2047183398157277,-9.680281660184272,-8.793487389699083,-10.552375395249326,4212,4283,-6.884980181845798,-31.49879506269103
VWAP trend 30m,top10 vol,short,8771,30.31581347622848,2.7890293313331895,-9.09597066866681,-9.069961256271823,-9.12139948763968,4336,4435,-5.7508162856748,-30.713228081398814
VWAP trend 30m,ETFs,both,3589,25.24380050153246,0.1736511899766912,-7.32634881002331,-7.902719346726265,-6.747080320901178,1799,1790,-9.759711675161626,-44.76898543817192
VWAP trend 30m,ETFs,long,1768,24.604072398190045,0.09812326972205099,-7.401876730277952,-7.5858678371322785,-7.2162129769976735,888,880,-6.983315601180473,-25.667309960454567
VWAP trend 30m,ETFs,short,1821,25.86490939044481,0.2469808786149141,-7.253019121385086,-8.21157131217024,-6.293413576544126,911,910,-7.238897725887783,-25.652053984531076
Late-day momentum,stocks,both,26524,32.52903031217011,0.3159332513350078,-11.56906674866499,-12.145742767309006,-10.992999175590427,13255,13269,-23.999020155723734,-24.879897219779213
Late-day momentum,stocks,long,13358,32.0781554124869,0.048616622418197704,-11.8363833775818,-10.908640895369835,-12.806463878124424,6828,6530,-13.22944258777217,-13.698054797885028
Late-day momentum,stocks,short,13166,32.98648032811788,0.5871481631587014,-11.297851836841296,-13.460031172723768,-9.235776366932317,6427,6739,-10.803314278531097,-12.963551391414807
Late-day momentum,top10 vol,both,5409,35.163616195230176,-0.17159772450924682,-12.056597724509245,-12.269291980504681,-11.845079874796975,2697,2712,-15.455741500647587,-25.958336685875018
Late-day momentum,top10 vol,long,2704,34.68934911242604,0.2885574451913689,-11.59644255480863,-9.810498907696553,-13.441470051900355,1374,1330,-8.904994184299959,-13.660496947088275
Late-day momentum,top10 vol,short,2705,35.63770794824399,-0.6315827813929678,-12.516582781392968,-14.822868459747585,-10.308756477150451,1323,1382,-8.318913993371828,-14.258152820348602
Late-day momentum,ETFs,both,1084,28.505535055350556,0.6599291623006225,-6.840070837699377,-7.182920880672843,-6.499741750924245,540,544,-9.92775386587168,-15.289053208422864
Late-day momentum,ETFs,long,570,27.017543859649123,0.3784952682860874,-7.121504731713912,-5.991482217161091,-8.227985110546882,282,288,-7.753436819592827,-8.582918424700193
Late-day momentum,ETFs,short,514,30.155642023346303,0.9720251148070136,-6.527974885192987,-8.485191047767081,-4.555467971348781,258,256,-5.922159407792351,-7.3369441147967285
Gap fade >1%,stocks,both,3116,43.45314505776637,5.012017008495587,-6.872982991504412,-5.372326630595179,-8.220100820968609,1474,1642,-1.1608934890807392,-2.0712144994822657
Gap fade >1%,stocks,long,1512,44.77513227513227,13.160091661033073,1.2750916610330736,11.084332284410504,-7.136271920192292,698,814,0.12341885426189612,0.15544883892173456
Gap fade >1%,stocks,short,1604,42.2069825436409,-2.668711716340247,-14.553711716340247,-20.17483684022658,-9.285604112311509,776,828,-2.2913556200607146,-2.223951883895614
Gap fade >1%,top10 vol,both,1023,46.9208211143695,12.757986938152772,0.8729869381527783,4.896406951322512,-3.034149259607423,504,519,0.10645278233002414,0.054750016661153644
Gap fade >1%,top10 vol,long,480,49.166666666666664,26.441192608833756,14.556192608833756,21.904329465313268,7.963200251439094,227,253,1.0672714866688413,3.1354591015208655
Gap fade >1%,top10 vol,short,543,44.935543278084715,0.6623355165563273,-11.22266448344367,-9.041493448229474,-13.49403432086596,277,266,-1.1710411607320508,-2.986642518912075
Gap fade >1%,ETFs,both,62,33.87096774193548,-11.311782577913938,-18.811782577913945,-22.499134010470744,-16.923139161238502,21,41,-1.324246401099237,-2.7418025347128783
Gap fade >1%,ETFs,long,25,36.0,-0.13158959004746507,-7.631589590047471,-31.360427701792545,1.5962918978533975,7,18,-0.25432926499066233,-0.4771551721951539
Gap fade >1%,ETFs,short,37,32.432432432432435,-18.865967029175067,-26.365967029175074,-18.068487164809852,-31.416606946614774,14,23,-2.024879835666828,-2.275505052569604
Gap and go >1%,stocks,both,3116,41.30295250320925,-3.059220456601756,-14.944220456601753,-13.62106662783729,-16.13199679253283,1474,1642,-2.7065873879104663,-4.394258520799276
Gap and go >1%,stocks,long,1604,42.51870324189526,3.1708961143906724,-8.714103885609328,-0.4572055087258154,-16.45245308906537,776,828,-1.3267393508572511,-1.4241492265490763
Gap and go >1%,stocks,short,1512,40.01322751322751,-9.668418194612242,-21.553418194612245,-28.255960937909638,-15.80602896264469,698,814,-2.363351629250067,-3.013447505296163
Gap and go >1%,top10 vol,both,1023,41.44672531769306,-3.5385506948394108,-15.423550694839406,-17.531369348513177,-13.376651655433669,504,519,-2.036016550293735,-6.963116548243342
Gap and go >1%,top10 vol,long,543,44.01473296500921,10.11597162826619,-1.7690283717338082,2.9309425830532505,-6.6633590276586725,277,266,-0.18002597958600666,-0.42494925632895475
Gap and go >1%,top10 vol,short,480,38.54166666666667,-18.985229072852622,-30.870229072852613,-42.50079844562286,-20.43489607831172,227,253,-2.584389374011093,-6.569729549553838
Gap and go >1%,ETFs,both,62,45.16129032258064,5.573695864115692,-1.9263041358843134,-4.657794357846228,-0.5272481685379642,21,41,-0.1581649826147393,-0.24343898498387917
Gap and go >1%,ETFs,long,37,43.24324324324324,12.606449985147574,5.106449985147568,2.2933522648442786,6.8187703366365255,14,23,0.38012746346315396,0.4993932058494188
Gap and go >1%,ETFs,short,25,48.0,-4.834780235011493,-12.334780235011499,-18.560087603227252,-9.91382736959426,7,18,-0.5344699891320375,-0.7391409710422514
Overreaction fade,stocks,both,462,46.96969696969697,1.622922198514585,-10.262077801485416,6.065924509234074,-24.229405079329794,213,249,-0.7217144501383946,-0.36732988888742435
Overreaction fade,stocks,long,235,49.361702127659576,10.48885022817115,-1.3961497718288494,28.46696733803733,-27.2301161605226,109,126,-0.056441429173831305,0.0005034009928461813
Overreaction fade,stocks,short,227,44.49339207048458,-7.5554614445219475,-19.44046144452194,-17.412091532492422,-21.155505922985935,104,123,-1.4101299421474447,-0.3678569049585412
Overreaction fade,top10 vol,both,78,48.717948717948715,14.82937274068472,2.944372740684725,54.37296595705147,-22.769923867498658,26,52,0.09055898171470372,0.13964162674384717
Overreaction fade,top10 vol,long,38,55.26315789473685,44.086286645337694,32.20128664533768,73.43071878887521,-4.905202283846082,18,20,0.5370168171097357,0.6105524732370693
Overreaction fade,top10 vol,short,40,42.5,-12.964695468735606,-24.849695468735604,11.493022085448077,-33.93537485728152,8,32,-0.8644844964474578,-0.46819651993641465
Overreaction fade,ETFs,both,7,42.857142857142854,1.4744512345672107,-6.025548765432792,3.0311486868703263,-18.101145368503616,4,3,-0.1418889576938876,-0.10303090060195252
Overreaction fade,ETFs,long,3,100.0,92.27942500652361,84.77942500652361,80.40528974807143,93.52769552342794,2,1,,0.5962291655057017
Overreaction fade,ETFs,short,4,0.0,-66.62927909440009,-74.12927909440009,-74.34299237433079,-73.9155658144694,2,2,-2.86624558602352,-0.6951155842603307
