test,threshold,n_h1,h1_bps,n_h2,h2_bps
gap fade stocks long,0.01,698,11.084332284410504,814,-7.136271920192292
gap fade stocks long,0.015,367,26.143173536530632,402,0.1442104893691003
gap fade stocks long,0.02,206,33.806950284998585,232,6.869876896710528
gap fade stocks long,0.03,93,80.71715545841477,84,49.9795050088658
gap fade stocks short,0.01,776,-20.17483684022658,828,-9.285604112311509
gap fade stocks short,0.015,351,-30.799633511598543,429,-11.891100576031779
gap fade stocks short,0.02,188,-25.104576631609753,280,-9.487937943324285
gap fade stocks short,0.03,72,9.342265813318818,116,-13.693172815858864
gap fade stocks both,0.01,1474,-5.372326630595179,1642,-8.220100820968609
gap fade stocks both,0.015,718,-1.6937697418723554,831,-6.068964537173594
gap fade stocks both,0.02,394,5.696881603977342,512,-2.075803093933511
gap fade stocks both,0.03,165,49.57174906782747,200,13.049351870525491
"ORB 15m stocks, relvol",1.0,3986,-11.878534157336398,4131,-11.07580355546247
"ORB 15m stocks, relvol",1.5,1885,-11.913429889561826,1994,-10.017327612855004
"ORB 15m stocks, relvol",2.0,1090,-14.61253228939337,1180,-7.199918953248511
"ORB 15m stocks, relvol",3.0,489,-18.477837717962053,560,0.5952071916528759
"ORB 15m stocks, relvol + gap aligned",1.0,1898,-11.833391241752901,2157,-9.694679225320208
"ORB 15m stocks, relvol + gap aligned",1.5,905,-15.280147252515752,1043,-8.034705018076062
"ORB 15m stocks, relvol + gap aligned",2.0,537,-22.641708389783098,623,-6.9668718859399315
"ORB 15m stocks, relvol + gap aligned",3.0,251,-26.627673099545845,313,-1.0784318916590432
"late momentum ETFs, |first 30m|",0.0,540,-7.182920880672843,544,-6.499741750924245
"late momentum ETFs, |first 30m|",0.005,130,-9.09861731330531,163,-4.785840850504837
"late momentum ETFs, |first 30m|",0.01,32,-9.744459210457883,54,-6.2672220581854505
"late momentum ETFs, |first 30m|",0.015,12,-12.082030542705045,23,-14.64174882053937
"late momentum stocks, |first 30m|",0.0,13255,-12.145742767309006,13269,-10.992999175590427
"late momentum stocks, |first 30m|",0.005,6921,-12.805861389082855,7138,-10.28119648175639
"late momentum stocks, |first 30m|",0.01,3268,-13.66676465139594,3450,-10.214419864710408
"late momentum stocks, |first 30m|",0.015,1624,-14.532487244497958,1733,-11.910868317874327
"noise area ETFs, band",1.0,477,-6.329811724862949,532,-5.748110326675738
"noise area ETFs, band",1.5,265,-7.449166823409664,296,-3.58733248739826
"noise area ETFs, band",2.0,145,-7.6858104662997535,186,-2.4636253181952834
"noise area stocks top10, band",1.0,2371,-4.64933707241844,2571,-6.813803293594221
"noise area stocks top10, band",1.5,1351,-5.857266769601121,1342,-2.64585281827006
"noise area stocks top10, band",2.0,733,-3.616398982598127,773,-4.542277786500136
"overreaction fade stocks, ATR move",1.5,213,6.065924509234074,249,-24.229405079329794
"overreaction fade stocks, ATR move",2.0,82,22.397990806327254,91,-28.65361023651336
"overreaction fade stocks, ATR move",2.5,41,-0.6133408524388723,35,-53.807858931348136
"overreaction fade stocks, ATR move",3.0,22,20.609162972868262,14,-57.18434206401892
