index,bucket,horizon,days,excess,rose_pct,rose_all_pct,t,excess_A,excess_B,days_A,days_B,consistent
Nifty 50,<= -3%,1,24,0.8225116593348568,70.83333333333334,53.76196990424077,2.4531354419855114,0.20034619631077422,0.9862394127622468,5,19,False
Nifty 50,-3% to -1.5%,1,157,0.06005787323807334,56.68789808917197,53.76196990424077,0.5927637530948231,-0.06420326788347254,0.17664857354964722,76,81,False
Nifty 50,-1.5% to -0.5%,1,652,-0.06465126141338719,47.392638036809814,53.76196990424077,-1.597461811697344,-0.05348123782314597,-0.07509208465055628,315,337,False
Nifty 50,-0.5% to +0.5%,1,1782,-0.03865600361742494,51.96408529741863,53.76196990424077,-1.8606457717589828,-0.0025098480390703184,-0.07199469080134425,855,927,False
Nifty 50,+0.5% to +1.5%,1,840,0.062185310528271906,58.80952380952381,53.76196990424077,2.1654162692987318,-0.0017499590265486974,0.11576782308734475,383,457,False
Nifty 50,+1.5% to +3%,1,178,0.3178754875223766,67.97752808988764,53.76196990424077,3.8412879470013617,0.3025662325581418,0.33579851772440755,96,82,True
Nifty 50,>= +3%,1,21,-1.4130087429310805,38.095238095238095,53.76196990424077,-1.865748496371441,0.1567455281091521,-1.6746344547711194,3,18,False
Nifty 50,<= -3%,5,24,0.48984219583933514,58.333333333333336,56.833744179676806,0.26822494779856426,3.005599798916547,-0.17219927865466808,5,19,False
Nifty 50,-3% to -1.5%,5,155,0.22764832069997773,59.354838709677416,56.833744179676806,0.9025219247336345,0.1209643379537849,0.33028101296213785,76,79,False
Nifty 50,-1.5% to -0.5%,5,652,0.02513341999693088,55.828220858895705,56.833744179676806,0.23328242182168551,0.16559438169368823,-0.10615798336947434,315,337,False
Nifty 50,-0.5% to +0.5%,5,1780,-0.0658494319986457,55.73033707865168,56.833744179676806,-0.9378516971524646,-0.03397572779583097,-0.09531107209962579,855,925,False
Nifty 50,+0.5% to +1.5%,5,840,-0.04834034903662511,57.738095238095234,56.833744179676806,-0.5684691763476238,-0.16631459154570047,0.0505308432631032,383,457,False
Nifty 50,+1.5% to +3%,5,178,0.5403362232039414,65.1685393258427,56.833744179676806,2.6885505438220174,0.48559776634482077,0.6044202702585215,96,82,False
Nifty 50,>= +3%,5,21,-0.1868983808379273,52.38095238095239,56.833744179676806,-0.19230785935793782,-0.34769311860265883,-0.16009925787713902,3,18,False
Nifty Bank,<= -3%,1,46,0.44757189897417127,58.69565217391305,53.46239761727476,1.189066803740653,-0.4408672428037017,0.48795549632771085,2,44,False
Nifty Bank,-3% to -1.5%,1,165,0.04155958456598917,55.757575757575765,53.46239761727476,0.3350401118320104,-0.005047634940493185,0.06012347708128293,47,118,False
Nifty Bank,-1.5% to -0.5%,1,513,-0.14824658662316076,49.317738791423,53.46239761727476,-2.6979599155188017,-0.17572860393820644,-0.13720872720974078,147,366,False
Nifty Bank,-0.5% to +0.5%,1,1138,-0.004745222982712448,53.51493848857645,53.46239761727476,-0.14705541112619155,0.0862817716501914,-0.045343031262444655,351,787,False
Nifty Bank,+0.5% to +1.5%,1,579,0.05596690427592031,53.02245250431778,53.46239761727476,1.0554141982545548,0.05740084758296345,0.05537088872042562,170,409,False
Nifty Bank,+1.5% to +3%,1,197,0.12764875199032463,62.944162436548226,53.46239761727476,1.1156654408661588,-0.034908877319522934,0.1814685076402066,49,148,False
Nifty Bank,>= +3%,1,47,-0.05344548557172104,51.06382978723404,53.46239761727476,-0.1324263318453717,0.09279744730822433,-0.07903799882571147,7,40,False
Nifty Bank,<= -3%,5,46,-0.637049792944494,60.86956521739131,55.66741237882178,-0.35712261349915103,1.2848645845311752,-0.7244095373752062,2,44,False
Nifty Bank,-3% to -1.5%,5,163,0.20951943508702822,54.601226993865026,55.66741237882178,0.6275133683436915,0.467171563835843,0.10512590016293948,47,116,False
Nifty Bank,-1.5% to -0.5%,5,513,-0.10241257664596863,55.7504873294347,55.66741237882178,-0.7029886213966484,-0.11465882365682499,-0.09749400202685413,147,366,False
Nifty Bank,-0.5% to +0.5%,5,1136,-0.06624343057182683,54.66549295774647,55.66741237882178,-0.6380846842927762,0.04175112490501858,-0.11453144200160102,351,785,False
Nifty Bank,+0.5% to +1.5%,5,579,0.08475601878450552,56.82210708117444,55.66741237882178,0.6598107113970517,0.16698922569026145,0.05057595723443585,170,409,False
Nifty Bank,+1.5% to +3%,5,197,0.39960040267453645,57.868020304568525,55.66741237882178,1.4669856463204658,-0.02400927698164397,0.5398495533715152,49,148,False
Nifty Bank,>= +3%,5,47,-0.11477786436806918,53.191489361702125,55.66741237882178,-0.12108596930382011,0.2809599630879311,-0.18403198417286934,7,40,False
Nifty IT,<= -3%,1,68,0.3078848773367917,47.05882352941176,51.71261487050961,1.197653579967857,-0.12055544765269047,0.48640167941574264,20,48,False
Nifty IT,-3% to -1.5%,1,227,-0.1376795545156789,53.74449339207048,51.71261487050961,-1.2937278521918085,-0.060632196860206454,-0.19516873676630062,97,130,False
Nifty IT,-1.5% to -0.5%,1,742,-0.04776590419060492,50.943396226415096,51.71261487050961,-0.9641070359531764,-0.06428947481485743,-0.03445860035452806,331,411,False
Nifty IT,-0.5% to +0.5%,1,1382,0.004015995840289342,52.243125904486256,51.71261487050961,0.1230436720282382,0.020409721687649148,-0.013006397959919078,704,678,False
Nifty IT,+0.5% to +1.5%,1,800,0.010939963652795068,50.5,51.71261487050961,0.261498100208028,0.012439992941376467,0.009562238910524889,383,417,False
Nifty IT,+1.5% to +3%,1,315,0.11506348244336373,53.96825396825397,51.71261487050961,1.402795199407457,0.08423976908783871,0.13672338912562454,130,185,False
Nifty IT,>= +3%,1,56,-0.08857167938018147,50.0,51.71261487050961,-0.3073394719686211,0.5230821554862384,-0.2734902806188665,13,43,False
Nifty IT,<= -3%,5,68,-0.09400702324087006,52.94117647058824,55.81265681628101,-0.13581758235740218,-0.5883555219790066,0.11197151790002004,20,48,False
Nifty IT,-3% to -1.5%,5,227,0.1037746158265364,59.03083700440529,55.81265681628101,0.39616142176825864,0.0016829379302390633,0.17995071394915815,97,130,False
Nifty IT,-1.5% to -0.5%,5,741,-0.15225498090561487,54.385964912280706,55.81265681628101,-1.0669387767125569,-0.09368549192211799,-0.19953912932887702,331,410,False
Nifty IT,-0.5% to +0.5%,5,1379,0.1872658160820612,59.028281363306746,55.81265681628101,1.7631427687491135,0.22990110279208317,0.14279879112820118,704,675,False
Nifty IT,+0.5% to +1.5%,5,800,-0.1790454393759332,51.74999999999999,55.81265681628101,-1.455312168134533,-0.14008239565122227,-0.2148316402070227,383,417,False
Nifty IT,+1.5% to +3%,5,315,-0.12057773350213133,53.333333333333336,55.81265681628101,-0.6762615359213242,-0.33332361703311947,0.028919373843968428,130,185,False
Nifty IT,>= +3%,5,56,0.3721537843832313,58.92857142857143,55.81265681628101,0.9343794731546056,0.7555872659126789,0.2562320341533983,13,43,False
Nifty Pharma,<= -3%,1,37,0.5272149949830887,64.86486486486487,52.464494569757726,1.9737135553499097,0.10424291721863446,0.973685521512235,19,18,False
Nifty Pharma,-3% to -1.5%,1,234,-0.09099961051148352,50.85470085470085,52.464494569757726,-0.8405744289584001,-0.25342591566431255,0.07142669464134555,117,117,False
Nifty Pharma,-1.5% to -0.5%,1,689,-0.11719327516130291,47.16981132075472,52.464494569757726,-2.6848800224356757,-0.17586928529885298,-0.0657118711714088,322,367,False
Nifty Pharma,-0.5% to +0.5%,1,1512,-0.02229787656152494,51.32275132275132,52.464494569757726,-0.8098626130740962,-0.031165916934865746,-0.014612241571296224,702,810,False
Nifty Pharma,+0.5% to +1.5%,1,817,0.09720989211964427,56.05875152998776,52.464494569757726,2.6494952861345435,0.17599549014260266,0.032317290176627225,369,448,False
Nifty Pharma,+1.5% to +3%,1,261,0.13470442558542656,62.45210727969349,52.464494569757726,2.0358795435045773,0.19178934889679433,0.07259602902265845,136,125,False
Nifty Pharma,>= +3%,1,40,0.06262425625094914,47.5,52.464494569757726,0.11715425678019857,-0.2166263012830928,0.19707822839696934,13,27,False
Nifty Pharma,<= -3%,5,37,-0.22208041033370424,54.054054054054056,56.202955115695566,-0.31581858583406375,-0.9434815170514755,0.5393985356461654,19,18,False
Nifty Pharma,-3% to -1.5%,5,234,0.14672891513620415,59.82905982905983,56.202955115695566,0.5284685297082445,-0.013195104175517792,0.306652934447926,117,117,False
Nifty Pharma,-1.5% to -0.5%,5,688,-0.2081952409881752,51.74418604651163,56.202955115695566,-1.663074191453851,-0.22115006681954325,-0.19679782591249081,322,366,False
Nifty Pharma,-0.5% to +0.5%,5,1510,-0.014297645793531268,57.21854304635762,56.202955115695566,-0.16568752972663664,-0.08650206821151267,0.04843441427753666,702,808,False
Nifty Pharma,+0.5% to +1.5%,5,816,0.12070339128680486,57.23039215686274,56.202955115695566,0.9726512799742327,0.23198338838262028,0.028841380261400318,369,447,False
Nifty Pharma,+1.5% to +3%,5,261,-0.10903677338118213,55.55555555555556,56.202955115695566,-0.5960248709758819,-0.2561495530616829,0.05102193091120275,136,125,False
Nifty Pharma,>= +3%,5,40,1.7375238081511992,60.0,56.202955115695566,1.2423932368242296,0.14629598104284994,2.503670539721886,13,27,False
Nifty Auto,<= -3%,1,62,0.5563398369408382,64.51612903225806,53.077137287663604,1.9098095349433546,0.3904546955539575,0.6092819033409066,15,47,False
Nifty Auto,-3% to -1.5%,1,261,-0.18740036374316685,51.34099616858238,53.077137287663604,-1.9133414498721732,-0.266666199787312,-0.11227528032819337,127,134,False
Nifty Auto,-1.5% to -0.5%,1,724,-0.1534789336362981,49.58563535911602,53.077137287663604,-3.0758274527735834,-0.0497990039121542,-0.25322520749014926,355,369,False
Nifty Auto,-0.5% to +0.5%,1,1344,-0.026426139628500663,50.44642857142857,53.077137287663604,-0.8419939806548207,-0.0548077990104156,-0.0013834989973992538,630,714,False
Nifty Auto,+0.5% to +1.5%,1,827,0.12878562319824116,57.79927448609432,53.077137287663604,3.199741907797595,0.07105689144871782,0.18286406043432862,400,427,False
Nifty Auto,+1.5% to +3%,1,315,0.23465626597757827,60.952380952380956,53.077137287663604,2.8290611666505283,0.3157126948765107,0.17386394430337898,135,180,False
Nifty Auto,>= +3%,1,57,-0.31375258558194763,43.859649122807014,53.077137287663604,-0.9676355309670428,-0.09220751361411439,-0.4002091990328094,16,41,False
Nifty Auto,<= -3%,5,62,4.042868621120709e-05,59.67741935483871,55.255087817117364,4.3197707081370004e-05,0.2830177339747246,-0.09027147725693137,15,47,False
Nifty Auto,-3% to -1.5%,5,259,0.2287684379957087,57.91505791505791,55.255087817117364,0.9649015414295038,-0.07274449520367052,0.5188604267557175,127,132,False
Nifty Auto,-1.5% to -0.5%,5,723,-0.07446507393548342,53.250345781466116,55.255087817117364,-0.5038167739169407,0.1060747131998962,-0.24862709685140666,355,368,False
Nifty Auto,-0.5% to +0.5%,5,1344,-0.18577045491185937,52.157738095238095,55.255087817117364,-1.826316754486081,-0.23274662128125698,-0.14432089635062617,630,714,False
Nifty Auto,+0.5% to +1.5%,5,826,0.2225721383506785,59.32203389830508,55.255087817117364,1.9478639848170218,0.028924568845902138,0.40440084211103183,400,426,False
Nifty Auto,+1.5% to +3%,5,315,0.26447843255650505,60.317460317460316,55.255087817117364,1.2520857946540564,0.3473044092562628,0.2023589500316867,135,180,False
Nifty Auto,>= +3%,5,57,-0.3429953858242048,50.877192982456144,55.255087817117364,-0.6548214530853212,-0.808788686505397,-0.16122239043642234,16,41,False
Nifty FMCG,<= -3%,1,24,-0.0464755212608266,66.66666666666666,52.77081592871067,-0.1614193739205879,-0.19026802206711688,0.15483397986797967,14,10,False
Nifty FMCG,-3% to -1.5%,1,171,-0.014572921714810661,53.216374269005854,52.77081592871067,-0.15526827914616007,-0.18444899360820205,0.17417826927784652,90,81,False
Nifty FMCG,-1.5% to -0.5%,1,691,0.028381769382834793,53.83502170767004,52.77081592871067,0.7605797594723988,0.07549118512530412,-0.00972506167586422,309,382,False
Nifty FMCG,-0.5% to +0.5%,1,1672,-0.026530993898995138,52.571770334928225,52.77081592871067,-1.0382672790370504,0.038890030584698684,-0.07974766240525367,750,922,False
Nifty FMCG,+0.5% to +1.5%,1,823,0.008162885754109553,50.546780072904006,52.77081592871067,0.24696211456346875,-0.01909600332799049,0.03271477199433823,390,433,False
Nifty FMCG,+1.5% to +3%,1,186,0.19138043278457742,59.13978494623656,52.77081592871067,2.3791757419305783,0.1756260831756276,0.21522485381433923,112,74,False
Nifty FMCG,>= +3%,1,23,-0.5798914861629123,47.82608695652174,52.77081592871067,-1.1113648599497492,-0.44705830778412525,-0.7525746180553353,13,10,False
Nifty FMCG,<= -3%,5,24,-0.7432684905999453,50.0,54.02843601895735,-0.6287909810499815,-0.16970336632792918,-1.5462596645807676,14,10,False
Nifty FMCG,-3% to -1.5%,5,171,-0.034905421318473566,53.80116959064327,54.02843601895735,-0.15981864557700673,0.15004839488617014,-0.2404096615458555,90,81,False
Nifty FMCG,-1.5% to -0.5%,5,688,0.053075328984129665,54.360465116279066,54.02843601895735,0.5402625355065966,0.33647254098672985,-0.17797939003645996,309,379,False
Nifty FMCG,-0.5% to +0.5%,5,1671,-0.04850361280408275,53.5607420706164,54.02843601895735,-0.6209756227611762,0.07864612504584433,-0.15204574460369763,750,921,False
Nifty FMCG,+0.5% to +1.5%,5,823,-0.016517708227850203,54.55650060753341,54.02843601895735,-0.17889599045421578,-0.07257043472323686,0.033968581225269426,390,433,False
Nifty FMCG,+1.5% to +3%,5,186,0.2442192218733266,53.76344086021505,54.02843601895735,1.1965315986747773,0.31347993021347426,0.13939220384499512,112,74,False
Nifty FMCG,>= +3%,5,23,1.575344608568048,65.21739130434783,54.02843601895735,2.199671573623722,0.56841770501098,2.8843495831922374,13,10,False
Nifty Metal,<= -3%,1,149,0.396545512375475,61.07382550335571,52.65942634363687,2.2036548928896806,0.05966795897347186,0.6644240488156221,66,83,False
Nifty Metal,-3% to -1.5%,1,382,-0.07742217349721783,52.617801047120416,52.65942634363687,-0.7604715417580047,-0.0036760270995440263,-0.14740576140521439,186,196,False
Nifty Metal,-1.5% to -0.5%,1,681,-0.16445855085102742,48.89867841409692,52.65942634363687,-2.5596034377853547,-0.19426857821584634,-0.133488252960033,347,334,False
Nifty Metal,-0.5% to +0.5%,1,1024,-0.045396499060665244,50.48828125,52.65942634363687,-0.8828925950023461,-0.11668117475995063,0.018245826933336335,483,541,False
Nifty Metal,+0.5% to +1.5%,1,744,0.07575525299569348,54.56989247311827,52.65942634363687,1.412367139507191,0.03363512938743857,0.10807069224858262,323,421,False
Nifty Metal,+1.5% to +3%,1,478,0.2106531634957793,57.74058577405857,52.65942634363687,2.8353431397115445,0.18192189704652645,0.23494716871734841,219,259,False
Nifty Metal,>= +3%,1,132,-0.17889981405488817,50.75757575757576,52.65942634363687,-0.8513467588809418,0.02276652868126813,-0.3185149744106888,54,78,False
Nifty Metal,<= -3%,5,149,0.4358704978161279,57.71812080536913,53.05269027042097,0.8712015815779738,1.0421512354445999,-0.04623225740651246,66,83,False
Nifty Metal,-3% to -1.5%,5,380,0.16997744741145399,55.78947368421052,53.05269027042097,0.7122441170578406,0.04326163925587106,0.29146786141629116,186,194,False
Nifty Metal,-1.5% to -0.5%,5,681,-0.233425506544112,51.10132158590308,53.05269027042097,-1.2362365389192027,-0.2900214706614066,-0.17462670550009635,347,334,False
Nifty Metal,-0.5% to +0.5%,5,1023,-0.18616756476794724,50.048875855327466,53.05269027042097,-1.2419189597094946,-0.5407411399452218,0.13097879969617057,483,540,False
Nifty Metal,+0.5% to +1.5%,5,743,0.016529543093739434,53.70121130551817,53.05269027042097,0.10334918536775205,-0.4072485536694983,0.342435079414039,323,420,False
Nifty Metal,+1.5% to +3%,5,478,0.41602947835496856,56.06694560669456,53.05269027042097,2.0110131379045053,0.19901431990906135,0.5995287822146351,219,259,False
Nifty Metal,>= +3%,5,132,0.11480022398342452,59.09090909090909,53.05269027042097,0.25439528771370984,0.11212198787773195,0.11665438744121172,54,78,False
Nifty Realty,<= -3%,1,198,-0.08050786177335721,55.05050505050505,52.74296853244221,-0.5047426882229836,-0.24876035526346896,0.15261306294185795,115,83,False
Nifty Realty,-3% to -1.5%,1,415,-0.41960843146436194,44.57831325301205,52.74296853244221,-3.841422328142514,-0.4698269180017987,-0.3719833878936472,202,213,True
Nifty Realty,-1.5% to -0.5%,1,647,-0.1494319458516564,48.84080370942813,52.74296853244221,-2.0073909142353754,-0.025181061595796184,-0.25356265850926657,295,352,False
Nifty Realty,-0.5% to +0.5%,1,876,0.0018384043715210787,51.141552511415526,52.74296853244221,0.032054935934846936,-0.09036898427407933,0.07826081207987887,397,479,False
Nifty Realty,+0.5% to +1.5%,1,788,0.19151760117036487,57.74111675126904,52.74296853244221,3.027943124437482,0.13100625788016593,0.23791867607002418,342,446,False
Nifty Realty,+1.5% to +3%,1,486,0.08835972943851568,55.349794238683124,52.74296853244221,0.9475579351838819,0.08550830400819151,0.09100748162381674,234,252,False
Nifty Realty,>= +3%,1,180,0.5462977262513047,62.22222222222222,52.74296853244221,2.740123318280129,0.45585704057857396,0.6429757005911203,93,87,False
Nifty Realty,<= -3%,5,198,0.020545945489847284,55.55555555555556,53.74965151937552,0.04358527537350565,0.19524335033032744,-0.2215046756746731,115,83,False
Nifty Realty,-3% to -1.5%,5,413,-0.46514995006261095,49.63680387409201,53.74965151937552,-1.5228646878106558,-0.8410909659706352,-0.10524433293739338,202,211,False
Nifty Realty,-1.5% to -0.5%,5,646,-0.26755029236282163,51.857585139318886,53.74965151937552,-1.2717936125102072,-0.37545226617330174,-0.17686344827709055,295,351,False
Nifty Realty,-0.5% to +0.5%,5,876,0.10280559483282134,54.90867579908676,53.74965151937552,0.5704868803079859,0.1998981056169499,0.02233434894284418,397,479,False
Nifty Realty,+0.5% to +1.5%,5,787,0.1423641765552933,55.65438373570522,53.74965151937552,0.7590407521039115,-0.25132393996138924,0.4449289762153055,342,445,False
Nifty Realty,+1.5% to +3%,5,486,0.06026377009063323,52.88065843621399,53.74965151937552,0.23481325865635563,-0.501545853747189,0.5819441350828966,234,252,False
Nifty Realty,>= +3%,5,180,0.7835718465594135,56.666666666666664,53.74965151937552,1.5830107141279135,0.8248041923118848,0.7394958907550473,93,87,False
Nifty PSU Bank,<= -3%,1,203,-0.10109081363924534,51.724137931034484,50.348092453355605,-0.6332922558020665,-0.23832237887057434,0.03749947996071071,102,101,False
Nifty PSU Bank,-3% to -1.5%,1,461,-0.11436916168786053,50.32537960954448,50.348092453355605,-1.234309563264517,-0.08198392084652752,-0.15174838826640843,247,214,False
Nifty PSU Bank,-1.5% to -0.5%,1,641,-0.11024339940968324,49.765990639625585,50.348092453355605,-1.425183288385217,-0.046007824993014125,-0.16818884339385953,304,337,False
Nifty PSU Bank,-0.5% to +0.5%,1,938,-0.04666635669678421,48.61407249466951,50.348092453355605,-0.818961312747009,-0.157833904702856,0.03707293647414462,403,535,False
Nifty PSU Bank,+0.5% to +1.5%,1,661,0.07291938165651758,50.378214826021186,50.348092453355605,1.0010567198751015,-0.023361727888055784,0.1549066570110002,304,357,False
Nifty PSU Bank,+1.5% to +3%,1,474,0.20892879743540269,54.219409282700425,50.348092453355605,2.154793875755595,0.07691968698162571,0.32134280555619715,218,256,False
Nifty PSU Bank,>= +3%,1,212,0.22402028888184433,50.0,50.348092453355605,1.0330327663025525,0.666784838917621,-0.17130520222152773,100,112,False
Nifty PSU Bank,<= -3%,5,202,-0.08028763585625105,51.48514851485149,51.5751324226373,-0.19591348468334416,-0.19136492372451713,0.033011197769380274,102,100,False
Nifty PSU Bank,-3% to -1.5%,5,461,0.07131261427842389,51.40997830802603,51.5751324226373,0.2663581366845325,0.3193407928324645,-0.21496290022086584,247,214,False
Nifty PSU Bank,-1.5% to -0.5%,5,639,-0.34206139757954207,50.54773082942097,51.5751324226373,-1.6105875837744614,-0.4506798547125208,-0.2434942006588687,304,335,False
Nifty PSU Bank,-0.5% to +0.5%,5,937,-0.02554196408455903,52.08110992529349,51.5751324226373,-0.13927758916179753,-0.25602922181017973,0.14840253940500117,403,534,False
Nifty PSU Bank,+0.5% to +1.5%,5,661,-0.08634549295576922,48.41149773071105,51.5751324226373,-0.42763814816253104,-0.412475376030873,0.19136734865440316,304,357,False
Nifty PSU Bank,+1.5% to +3%,5,474,0.2682286308818668,54.641350210970465,51.5751324226373,1.0890489782356456,-0.05140889714054562,0.5404199633384523,218,256,False
Nifty PSU Bank,>= +3%,5,212,0.7770534335241045,56.132075471698116,51.5751324226373,1.978914273857558,0.7630587152942158,0.7895487176579338,100,112,False
Nifty Energy,<= -3%,1,49,0.6085554273907473,65.3061224489796,52.99359509885826,2.42195744118148,0.272242687767965,0.8404952478202525,20,29,False
Nifty Energy,-3% to -1.5%,1,279,-0.04261857611852141,48.74551971326165,52.99359509885826,-0.49025406707498786,-0.019609003898638802,-0.05973194545705912,119,160,False
Nifty Energy,-1.5% to -0.5%,1,724,-0.2044892881503452,48.34254143646409,52.99359509885826,-4.0306708097953186,-0.19034764934849732,-0.21855301158689366,361,363,True
Nifty Energy,-0.5% to +0.5%,1,1288,-0.02674332179102565,50.77639751552795,52.99359509885826,-0.8546579610048239,-0.03323777198550705,-0.021061859539375987,601,687,False
Nifty Energy,+0.5% to +1.5%,1,889,0.15025085330949275,58.15523059617548,52.99359509885826,4.192735941899923,0.09135276633046875,0.20205128498660474,416,473,True
Nifty Energy,+1.5% to +3%,1,321,0.19480879468288922,60.12461059190031,52.99359509885826,2.6196034106897432,0.20919824914779503,0.1828038783864535,146,175,False
Nifty Energy,>= +3%,1,40,-0.7579456608654045,52.5,52.99359509885826,-1.5837629616305673,0.11028952023059277,-1.278886769523003,15,25,False
Nifty Energy,<= -3%,5,49,0.32071238415284187,59.183673469387756,54.22358516866462,0.4218755722381669,0.6545401827247826,0.0904863161721931,20,29,False
Nifty Energy,-3% to -1.5%,5,278,0.4220331564700509,56.11510791366906,54.22358516866462,1.968043224781658,0.6484769879083894,0.2525563266514204,119,159,False
Nifty Energy,-1.5% to -0.5%,5,723,-0.27317410983439894,51.17565698478561,54.22358516866462,-2.001569470721198,-0.25349154890164144,-0.29280229905187255,361,362,False
Nifty Energy,-0.5% to +0.5%,5,1286,-0.0835679182810837,52.02177293934681,54.22358516866462,-0.7734903723838181,-0.08758355378818505,-0.0800447110697437,601,685,False
Nifty Energy,+0.5% to +1.5%,5,889,0.038874447856574935,56.58042744656918,54.22358516866462,0.36675837382874693,-0.0673224943998181,0.1322738727586035,416,473,False
Nifty Energy,+1.5% to +3%,5,321,0.38556480117824166,60.12461059190031,54.22358516866462,2.0899489699351026,-0.0797362782958214,0.7737588446251743,146,175,False
Nifty Energy,>= +3%,5,40,0.44391435903007104,62.5,54.22358516866462,0.5912225806068359,0.6560544127672748,0.316630326787749,15,25,False
Nifty Midcap 150,<= -3%,1,53,0.2660127521269476,69.81132075471697,58.11217510259918,1.180701745302045,-0.48408559274296753,0.6851853566130766,19,34,False
Nifty Midcap 150,-3% to -1.5%,1,226,-0.4458518248219824,56.19469026548673,58.11217510259918,-4.897101302897997,-0.35751206795586643,-0.5267051616146987,108,118,True
Nifty Midcap 150,-1.5% to -0.5%,1,611,-0.5657274715295936,45.662847790507364,58.11217510259918,-11.451590331561723,-0.6076657370964536,-0.5213886991794452,314,297,True
Nifty Midcap 150,-0.5% to +0.5%,1,1515,0.19239102584896212,54.65346534653466,58.11217510259918,0.7453300064791962,-0.07563351204710393,0.420162794317414,696,819,False
Nifty Midcap 150,+0.5% to +1.5%,1,1016,0.5123820045830902,68.01181102362204,58.11217510259918,1.4354114229735502,0.14365395870524847,0.85049866552013,486,530,False
Nifty Midcap 150,+1.5% to +3%,1,204,1.6763954819084683,74.01960784313727,58.11217510259918,1.4307046655271305,0.08589390267765401,3.3305171243085145,104,100,False
Nifty Midcap 150,>= +3%,1,29,-24.96620826717317,34.48275862068966,58.11217510259918,-4.1860173188142165,-22.953413754831217,-25.491285096479768,6,23,False
Nifty Midcap 150,<= -3%,5,53,-0.09623231929044664,69.81132075471697,58.504519309778146,-0.10276450443539664,0.14110927724685265,-0.22886438794364342,19,34,False
Nifty Midcap 150,-3% to -1.5%,5,224,0.9822394261849846,57.14285714285714,58.504519309778146,0.8397232728550953,-0.8063482794720529,2.647476255589813,108,116,False
Nifty Midcap 150,-1.5% to -0.5%,5,610,-0.16393458633448213,53.442622950819676,58.504519309778146,-0.45115499012726906,0.18628042770208128,-0.5354464593327285,314,296,False
Nifty Midcap 150,-0.5% to +0.5%,5,1514,-0.09815962922184145,56.14266842800528,58.504519309778146,-0.4206207855340301,-0.24580795160681398,0.027467794225518982,696,818,False
Nifty Midcap 150,+0.5% to +1.5%,5,1016,0.5633822124249581,63.77952755905512,58.504519309778146,1.5385422490781595,-0.2683713460170506,1.3260845320529133,486,530,False
Nifty Midcap 150,+1.5% to +3%,5,204,0.7035890016104267,65.19607843137256,58.504519309778146,0.7551799355475874,-0.4147166892555681,1.8666269201110612,104,100,False
Nifty Midcap 150,>= +3%,5,29,-23.606096705872165,44.827586206896555,58.504519309778146,-3.8431009450712037,-22.531088811073232,-23.886533547993622,6,23,False
Nifty Smallcap 250,<= -3%,1,73,0.03524214911361711,56.16438356164384,58.25675299359509,0.17592051269093015,-0.42747576379918906,0.3963878372406854,32,41,False
Nifty Smallcap 250,-3% to -1.5%,1,257,-0.2742522976800632,51.75097276264592,58.25675299359509,-2.657263713612604,-0.19887180984924036,-0.356374129951041,134,123,False
Nifty Smallcap 250,-1.5% to -0.5%,1,582,-0.3198535602422879,45.876288659793815,58.25675299359509,-5.943029833637004,-0.3806977128428123,-0.26186785776393573,284,298,True
Nifty Smallcap 250,-0.5% to +0.5%,1,1361,-0.06282554621724314,54.15135929463629,58.25675299359509,-2.1163195211357433,-0.07627277880164647,-0.05150730715432182,622,739,False
Nifty Smallcap 250,+0.5% to +1.5%,1,1045,0.19487710562894242,68.03827751196172,58.25675299359509,5.528967942396661,0.1824885896772186,0.20496428267991199,469,576,True
Nifty Smallcap 250,+1.5% to +3%,1,239,0.4804510080252269,74.89539748953975,58.25675299359509,5.085312529099316,0.5885876723773178,0.3557528725561488,128,111,True
Nifty Smallcap 250,>= +3%,1,33,0.746381634792208,72.72727272727273,58.25675299359509,3.0155503561022625,0.503414209647836,0.8374944192213475,9,24,False
Nifty Smallcap 250,<= -3%,5,73,-0.07813267739439254,61.64383561643836,57.87566211318651,-0.09039517965403647,0.11756884611495072,-0.23087532988948967,32,41,False
Nifty Smallcap 250,-3% to -1.5%,5,256,-0.4084538195174665,52.734375,57.87566211318651,-1.4622562745488477,-0.32960940994356697,-0.4950534169183068,134,122,False
Nifty Smallcap 250,-1.5% to -0.5%,5,580,-0.29659895141597226,52.06896551724138,57.87566211318651,-1.653560782744498,-0.3062620509134241,-0.287327599195444,284,296,False
Nifty Smallcap 250,-0.5% to +0.5%,5,1360,-0.278229054998291,54.264705882352935,57.87566211318651,-2.551670317704561,-0.35191598984542144,-0.21612434839271485,622,738,False
Nifty Smallcap 250,+0.5% to +1.5%,5,1045,0.39533304256383067,64.40191387559808,57.87566211318651,3.5518257911055695,0.22127868089477615,0.5370543891311685,469,576,True
Nifty Smallcap 250,+1.5% to +3%,5,239,0.6251552549996423,66.10878661087865,57.87566211318651,2.3389760109177127,0.41589625711944356,0.8664629282308624,128,111,False
Nifty Smallcap 250,>= +3%,5,33,3.1349838108264096,75.75757575757575,57.87566211318651,4.668182970260156,3.1431408658999214,3.1319249151738426,9,24,False
