strategy,group,cagr,maxdd,sharpe,h1,h2,trades,win,avg_r,sig_trades,sig_avg_pct,sig_h1_pct,sig_h2_pct,sig_t_week,sig_avg_r
NIFTYBEES hold,benchmark,11.382769254777457,-36.33661102218157,0.82487734790476,13.897664954068944,8.905997581803282,,,,,,,,,
Equal-weight hold (49 stocks),benchmark,17.801500953125537,-40.28991991403932,0.9665087822749645,22.420174689369475,13.325882029807644,,,,,,,,,
A pullback,setup,1.595319841687326,-18.53238530225,0.24912548793554484,2.3208469651436525,0.869799559919282,435.0,38.160919540229884,-0.10231240958673854,516.0,-0.3896315316156614,-0.5803087577009273,-0.2490311527851119,-1.8671375185980605,-0.1370534268196775
A pullback | rr1.5,neighbour,2.3092499489089535,-14.513590510166086,0.30617313467535545,2.2830317535449396,2.335662592903387,536.0,41.7910447761194,-0.040857505505937926,746.0,-0.3371897740137815,-0.38187738150273615,-0.3026922147883414,-1.7655926937121265,-0.0952790966003419
A pullback | rr none,neighbour,1.9798052210113326,-20.59423609925959,0.2532235923975195,3.3704443047263277,0.5981216336488293,684.0,45.760233918128655,-0.028591628173240093,1112.0,-0.1577232789470896,-0.10896674949647683,-0.19902864442850576,-0.4018857212722238,-0.04476932647625474
A pullback | hold10,neighbour,0.28053193094499385,-18.13364852188902,0.07582961831612083,0.9841404343319704,-0.4231575461741022,464.0,38.793103448275865,-0.15710156004806355,538.0,-0.5560933863227235,-0.7083827479108142,-0.44323169116520666,-2.863074399110423,-0.1730080968441734
A pullback | hold20,neighbour,2.2163901944662,-13.928588746568272,0.3228593780576676,3.238361944078494,1.1973289988576052,397.0,36.272040302267,-0.07210056587211751,506.0,-0.37886166490921835,-0.38375070814673934,-0.3752785989748707,-1.6812929313965583,-0.13068949263376067
A pullback | stop5,neighbour,1.9838182060009757,-17.33066612576892,0.2924532413821185,3.66886850686714,0.3143899720242427,469.0,37.73987206823028,-0.10357442082621705,574.0,-0.31480195031153074,-0.4587266678522313,-0.20608817284194975,-1.2326496640394347,-0.11828349741604068
A pullback | stop20,neighbour,1.8653715656911762,-14.862876751801334,0.2931207145971261,1.5581252977388882,2.1757564675129126,396.0,38.38383838383838,-0.10749319173270913,467.0,-0.4020836725120408,-0.6473324027493977,-0.23236444252894223,-2.166905178699795,-0.1347667497164745
A pullback | no market filter,neighbour,0.6952252250783442,-19.8827097574667,0.12703754815048418,2.868366286714119,-1.4470697133560972,490.0,37.55102040816327,-0.11180839331903854,573.0,-0.3838407681293723,-0.45162488181798627,-0.3349873528582991,-1.4841321651512533,-0.1375957959409047
A pullback | skip results season,proxy,4.464533761674128,-9.58071075862309,0.7207939575463492,3.186080235661337,5.768148475942669,307.0,41.36807817589577,-0.03148181532609563,351.0,-0.22013783592569883,-0.9037963502123318,0.346016871217919,-1.0399681023714173,-0.08960462571920857
B breakout,setup,2.726620026934423,-6.4155439990784995,0.6308050310787274,3.7204988821385454,1.735253415666116,236.0,43.64406779661017,-0.0995176676804027,264.0,-0.8789538606228479,-1.0906044614206178,-0.7254034247499556,-2.9550619977575496,-0.11823167836513437
B breakout | rr1.5,neighbour,2.5219840375167557,-6.819822280304145,0.5762718653345845,3.679537364247265,1.3692080608162849,246.0,43.08943089430895,-0.10322225735883804,278.0,-0.9049782420679889,-1.0721868908364136,-0.7852485923325733,-3.09169984339727,-0.1264162479968331
B breakout | rr none,neighbour,2.5219840375167557,-6.819822280304145,0.5762718653345845,3.679537364247265,1.3692080608162849,246.0,43.08943089430895,-0.10322225735883804,278.0,-0.9049782420679889,-1.0721868908364136,-0.7852485923325733,-3.09169984339727,-0.1264162479968331
B breakout | hold10,neighbour,2.425722693036514,-5.174325662410539,0.6562852018341327,3.085788749085716,1.7652041093173976,256.0,44.53125,-0.11761668337913206,272.0,-0.7182491652056586,-1.0733573834395835,-0.46587665790733473,-3.014641679710305,-0.10435991939278609
B breakout | hold20,neighbour,3.308321001743808,-9.187077484422634,0.7047517854137588,3.7239608609165753,2.891389664115085,216.0,43.51851851851852,-0.06841126200920483,260.0,-0.6539739545769341,-0.9526962248245164,-0.43491095639537375,-1.5166794019499548,-0.08507126401304523
B breakout | stop5,neighbour,2.221863237361288,-13.751344668654642,0.4175601050469802,5.653759339832765,-1.121929157321233,318.0,44.65408805031446,-0.0706621910734507,383.0,-0.7579376715700679,-0.36494866590770075,-1.0650174527388012,-2.0934487384922216,-0.11993844394225157
B breakout | stop20,neighbour,3.694533019759927,-4.858474249363542,1.1956355056581158,4.654568409511439,2.7365275552153623,147.0,42.17687074829932,-0.1255151188080783,152.0,-0.9716292821135106,-0.8615686137196419,-1.0454062136742361,-2.236913647074262,-0.12979217671322035
B breakout | no market filter,neighbour,1.840218000296301,-6.761063497857367,0.42656293520208644,3.481704269723207,0.21330026849089023,255.0,41.17647058823529,-0.12953707624389907,283.0,-1.0134799821059222,-1.094925878781324,-0.9577283266435936,-3.5178949794767593,-0.14370500801168723
B breakout | skip results season,proxy,5.736404151715724,-4.057881864783641,1.5520681548517656,6.549271304825832,4.923986939455238,155.0,50.967741935483865,0.030209399199166858,178.0,-0.3375769693029827,-0.2141751816376143,-0.4068551658870491,-0.9426836882302653,-0.025829082806653324
C bollinger,setup,4.710153395552097,-7.768013931335071,0.8483029971932978,4.52272428384064,4.89926373890035,263.0,24.334600760456272,-0.19205816469072257,230.0,0.11519183293947038,0.08150531450744186,0.14203577731499298,-0.37729430207581605,-0.21750357591472036
C bollinger | rr1.5,neighbour,4.698972928339029,-7.773972746514235,0.8442430015642036,4.466905836751578,4.933222105959922,266.0,24.43609022556391,-0.1846767910162907,231.0,0.10221109522489306,0.05272022816146787,0.14203577731499298,-0.3904207773406155,-0.21828111824810062
C bollinger | rr none,neighbour,4.698972928339029,-7.773972746514235,0.8442430015642036,4.466905836751578,4.933222105959922,266.0,24.43609022556391,-0.1846767910162907,231.0,0.10221109522489306,0.05272022816146787,0.14203577731499298,-0.3904207773406155,-0.21828111824810062
C bollinger | hold10,neighbour,6.066445362093376,-6.7476935102757984,1.2055103381621513,5.217899812047899,6.927981347824663,264.0,31.060606060606062,-0.09664824762603044,231.0,0.24557480470347284,0.1777372634776625,0.29921379078899746,-0.13898403139645438,-0.12922388936093415
C bollinger | hold20,neighbour,4.6377009347754905,-9.525585347866505,0.7721125589833044,5.273278198442588,4.001453025680313,263.0,23.193916349809886,-0.1987072474726264,230.0,0.05335657982387009,0.179085527208386,-0.046833675123165955,-0.2959225009292332,-0.23209139060545134
C bollinger | stop5,neighbour,4.710153395552097,-7.768013931335071,0.8483029971932978,4.52272428384064,4.89926373890035,263.0,24.334600760456272,-0.19205816469072257,230.0,0.11519183293947038,0.08150531450744186,0.14203577731499298,-0.37729430207581605,-0.21750357591472036
C bollinger | stop20,neighbour,4.710153395552097,-7.768013931335071,0.8483029971932978,4.52272428384064,4.89926373890035,263.0,24.334600760456272,-0.19205816469072257,230.0,0.11519183293947038,0.08150531450744186,0.14203577731499298,-0.37729430207581605,-0.21750357591472036
C bollinger | no market filter,neighbour,2.720457077505345,-9.820302696838967,0.4802965837763573,2.7901728621670063,2.650290097001662,315.0,22.22222222222222,-0.3132914054463981,273.0,-0.10270154608159755,-0.1153003430380491,-0.09311020388249237,-1.4868250200366442,-0.334267354436548
C bollinger | skip results season,proxy,5.289738811470057,-6.702894027856299,1.291404439961178,3.9099638245495116,6.697908673889619,135.0,25.185185185185183,-0.21860366965154768,119.0,0.04462641268419369,-0.24892140908624907,0.30555780981347597,-0.4714690748840914,-0.32080058334572675
D macd,setup,2.662011344877868,-9.24988447865205,0.682384750096321,2.8119349065728327,2.5112356858693285,187.0,43.31550802139038,-0.13932469675950304,195.0,-1.0582397376319692,-1.2859906966662786,-0.8670148758012756,-2.740026150985914,-0.1496978093320521
D macd | rr1.5,neighbour,2.4903742818739083,-10.71130805668642,0.6042858916590301,2.856979873657517,2.1224654399632836,208.0,43.75,-0.12999951725009284,216.0,-0.9616580019329132,-1.070038831736468,-0.86995114594529,-2.321164161893099,-0.1394150271850254
D macd | rr none,neighbour,2.166639506191115,-12.138155203276025,0.41109022703279385,1.887265215641909,2.4487876999803815,431.0,48.49187935034803,-0.002354557206840626,522.0,-0.45496729191186086,-0.5553291999839653,-0.373423241603276,-2.573728052413137,-0.025312225160070177
D macd | hold10,neighbour,2.361508510451671,-7.177243498595831,0.686294902221147,2.748536793048628,1.9731836021688043,196.0,40.816326530612244,-0.16455566785912093,201.0,-1.0575941962431836,-1.1376820812863568,-0.9913396731620135,-3.1195839101779956,-0.16753652306767775
D macd | hold20,neighbour,3.3490816170765436,-8.447319542125765,0.8004081509269337,4.169040567115956,2.5297774234613657,179.0,40.22346368715084,-0.0920978798307878,193.0,-0.7036211450434682,-0.7421712916011928,-0.6706311157777233,-1.5343752609804866,-0.09022119250676545
D macd | stop5,neighbour,2.381346165932996,-10.757128299376994,0.5039994120955185,3.8975992982673846,0.8766056427999658,241.0,42.738589211618255,-0.13480202002168276,255.0,-0.840507392725894,-0.6195607791440109,-1.0463894644726495,-2.2917606872148975,-0.1612037757871322
D macd | stop20,neighbour,4.155025163901138,-5.668129861004845,1.7072775581693198,5.3649853208168174,2.9504484985105606,92.0,41.30434782608695,-0.1633723006314844,94.0,-1.1439463605099363,-0.3158071096399802,-1.7845823847678273,-2.08004833416895,-0.1567019576526966
D macd | no market filter,neighbour,2.036616680706249,-9.403065847116798,0.5105744382661478,2.0270345553318414,2.0462682994145664,200.0,42.5,-0.16246845191724013,208.0,-1.1586675444522607,-1.3999704203515972,-0.9558022948023761,-3.0897441740650398,-0.17011272419112944
D macd | skip results season,proxy,5.005464931229575,-4.390656324376452,1.4925752571093678,5.4696725671526725,4.539999846407361,127.0,51.181102362204726,-0.03394410400664491,132.0,-0.5364796073881994,-0.6298898594940796,-0.4757629435193774,-1.0535166382222716,-0.06323575706159405
E checklist,setup,0.864614930623353,-21.58324685479186,0.14787956494260016,3.3394650680354854,-1.5680449076901026,559.0,41.86046511627907,-0.06815301169819908,689.0,-0.2609085970219374,0.0093610408278845,-0.4885421155318142,-1.9408519692899868,-0.02924645456507566
E checklist | rr1.5,neighbour,0.4081243808342405,-21.566245672904227,0.09112199360956454,2.5511596566207384,-1.704986406991038,697.0,42.89813486370158,-0.03489431344901211,1002.0,-0.11838904728436773,0.07942553681255943,-0.281613103014619,-1.5884928441787098,-0.01729082084871572
E checklist | rr none,neighbour,-2.1601435933115587,-28.701096094489753,-0.15809357168058835,-1.7979020330689766,-2.5236273030946443,1005.0,47.66169154228856,-0.0254200161627564,2965.0,-0.18323537527336922,-0.21049715091243357,-0.15975567899163898,-2.2638433816475687,-0.03097384363129457
E checklist | hold10,neighbour,-0.1717171732939171,-24.811014030462573,0.014795807449619744,1.8734702237074297,-2.190044365244881,647.0,39.876352395672335,-0.08769489874326726,724.0,-0.3826389277292437,-0.25784785770994684,-0.4848547288003258,-2.8949585082994926,-0.05175177059049311
E checklist | hold20,neighbour,2.450491219748363,-19.17061684947594,0.3322462062862405,4.36571860235373,0.5570789032096624,505.0,40.5940594059406,-0.020089468627514602,676.0,-0.057941424016559336,0.3829519538269572,-0.4313757057965871,-0.9280414699708994,0.005486299283335808
E checklist | stop5,neighbour,-0.5232474915213836,-36.86730870272541,-0.0007302181815282187,4.056976349081198,-4.932500698372522,868.0,38.0184331797235,-0.08144971723668443,1320.0,-0.210580249983206,-0.10080309909725584,-0.3057618532266111,-1.8738401746439077,-0.06783700691332076
E checklist | stop20,neighbour,5.2559714874062635,-8.550969950448838,1.127478754016473,9.522044728833245,1.1273074555543827,235.0,49.361702127659576,0.0431023510141211,239.0,0.057470160320608095,1.22818907306578,-0.7847736617982208,0.44607590043251477,0.03260563811945494
E checklist | no market filter,neighbour,0.7799652173828386,-24.896260654204806,0.1353055513663088,4.423413558372125,-2.7610797405137055,596.0,42.11409395973154,-0.0003011916619849982,727.0,-0.2772779234615897,0.034556217802879804,-0.5393764928281817,-2.039611407740555,-0.026095155067121924
E checklist | skip results season,proxy,4.445891706831873,-12.242255741315432,0.6963699209065314,5.592375818540152,3.3037834264753707,377.0,45.09283819628647,-0.015892286164571896,451.0,-0.23503172145720239,-0.19224390181497172,-0.2658977440235443,-1.3901686541167069,-0.00791412290102124
