type,events,mean1,mean5,mean20,median5,beat5,t5,mean5_A,mean5_B,events_A,events_B,consistent
MD/CEO/CFO resigned,1375,-0.41192838546450244,-0.7446693582546394,-0.6941585266139444,-0.9287709045573411,41.52727272727273,-3.8614748330406736,-1.0924397494230067,-0.6286334566426914,344,1031,True
annual loss,752,-0.7415814891736479,-1.0679236519262594,-0.38495230599832175,-1.5990502308430854,39.76063829787234,-3.4569380480361436,-0.9808854098445147,-1.1283015315685505,308,444,True
annual profit down 20%+,1183,-0.6353056082306191,-0.8941177292209874,0.2703292024051356,-1.278826631919061,38.63060016906171,-2.901771112245561,-0.8745018556480713,-0.907278096377958,475,708,False
auditor resigned,154,-0.14319069296151374,-0.1225918847868336,0.8252039826149576,-0.8235658071601204,45.45454545454545,-1.0789667238562664,-1.051098675237925,-0.04412652221350183,12,142,False
annual profit up 20%+,2543,-0.05778684823804424,-0.21002216251079414,0.9116935234122248,-0.8051208966407764,43.37396775462053,-0.524972836352866,-0.7552928424245748,0.14161746742066728,997,1546,False
default / insolvency,543,-0.34300561213508735,-0.36258947354003246,-1.3409056408577222,-1.0902516845553656,43.0939226519337,-0.39230825346353404,-3.062408375093071,0.1039019133373825,80,463,False
rating downgrade,70,-0.70785727487405,0.04242409842147743,-2.951881597189302,-0.9584659028942177,42.857142857142854,-0.12592343123208746,-1.2169110924736848,0.9331733797863484,29,41,False
buyback,1000,0.4010342410009691,0.030146246343410364,0.028396102267536864,-0.07305881441976858,49.2,0.1622510244204997,-0.2944257311983946,0.20338405030744128,348,652,False
fund raising,2536,0.24496527842216548,0.24505013124184982,0.02478877158377739,-0.6541292156198919,44.952681388012614,0.7765775493579262,0.15691431232577305,0.27656765106836984,668,1868,False
bonus issue,546,0.9377923090823468,0.7490285128410457,1.175221719885323,0.3050749590453872,52.38095238095239,1.9859511734465545,0.9078591120269895,0.6253786326930308,239,307,False
rating upgrade,493,0.4272631992920533,0.8546914553326925,2.0077715282235205,0.27029779771530205,52.73833671399595,2.6977597955621304,0.7781751402914158,0.8953258959291469,171,322,False
acquisition,18252,0.19604535578185547,0.475696757529787,1.1385263533082237,-0.07994446089476526,49.112426035502956,3.341838614709333,0.33083108358821317,0.5517240059592747,6282,11970,True
stock split,527,0.7376963016379936,1.175746129553459,2.887594997559273,0.604570095436352,55.02846299810247,3.473470962810355,0.7241150555759279,1.3797888186231977,164,363,True
order won,1872,1.2212989181427796,1.3367543867809508,1.6172314885392984,0.45084504212017373,53.95299145299145,6.718689818848765,0.3283869570977934,1.4297077437762478,158,1714,True
