group,strategy,cagr,maxdd,sharpe,sharpe_h1,sharpe_h2,cagr_h1,cagr_h2,trades,avg_net,h1,h2,win,t_week,avg_days
benchmark,NIFTYBEES hold,11.382769254777457,-36.33661102218157,0.8248773479047646,0.8872840961032118,0.7609746491458828,13.897664954068944,8.905997581803282,,,,,,,
benchmark,current ETF trend (live),13.497356324996822,-12.986708072254915,1.3966646819087898,1.296121922234954,1.4904775675291992,11.688046140764396,15.3492433929711,38.0,,,,,,
CTA ETFs,"ADX>25, cross 5d",5.680655513109212,-22.729570152322676,0.577196398344179,0.271407233960754,0.844619024916918,2.1808913499105076,9.326638214496331,29.0,,,,,,
CTA stocks,"ADX>25, cross 5d",6.602130839117137,-42.042841819930274,0.4269793969587344,0.5177666288601674,0.31273232737747625,9.516689606544126,3.7451058652676616,66.0,,,,,,
CTA ETFs,ADX>20,8.455002141324265,-25.422147972857477,0.7482032417815526,0.20449939602291117,1.1624482629384056,1.5266939536240587,15.910860503702917,34.0,,,,,,
CTA stocks,ADX>20,4.613353167811041,-51.26037303438569,0.32466149484561846,0.48187909356966346,0.07474734096747655,9.350896370253924,0.04933876044934671,77.0,,,,,,
CTA ETFs,ADX>30,8.336304665390726,-17.42203696828949,0.8402800814288824,0.5697452086190471,1.0845109127466928,5.092163409354189,11.704895865150867,22.0,,,,,,
CTA stocks,ADX>30,12.4239428854229,-37.637633835043935,0.7110141019190066,0.7615327251956695,0.6602258663577948,15.048372891353567,9.841236861269254,42.0,,,,,,
CTA ETFs,cross 10d,6.24902010990207,-18.9622292383692,0.6368693445950643,0.3865264714935455,0.8488251362254654,3.205985208605866,9.404531425213648,29.0,,,,,,
CTA stocks,cross 10d,7.079703041693941,-42.042841819930274,0.4493085093561487,0.5177666288601674,0.36816584218085824,9.516689606544126,4.680082797742968,66.0,,,,,,
CTA ETFs,state (50>200 & ADX>25),10.632014825769032,-18.125055464380992,0.8600986128156869,0.9592347211242697,0.7570061834079618,12.222579583818028,9.052851051816567,49.0,,,,,,
CTA stocks,state (50>200 & ADX>25),16.51276293027091,-29.098129926885196,0.8677465803627691,1.1208790783070042,0.5377525350209513,26.040940412642797,7.644296733807954,191.0,,,,,,
risk parity,equal,17.931637719765405,-22.503750206051254,1.518051759428652,1.4437833097873076,1.589130116246854,16.432391948801616,19.461127734622497,,,,,,,
risk parity,inverse vol,16.260429741247904,-21.518907168358993,1.523482456672206,1.4439503132425844,1.5987164042762658,14.42917771503469,18.134411599214605,,,,,,,
risk parity,equal risk contribution,16.144520194578437,-20.96117155442816,1.527304602692151,1.433115993790716,1.615746279577727,13.994829036538302,18.35057422802182,,,,,,,
pairs,z2.5 corr0.85,,,,,,,,6400.0,0.14795433499391816,-0.20321230321112063,0.2651074476770329,56.59375,0.6450251389003544,23.66625
pairs,z2.0,,,,,,,,12298.0,0.15722292464533358,-0.18441580546309308,0.2682315876497524,57.88746137583347,1.3410492417458095,22.57391445763539
pairs,z3.0,,,,,,,,2717.0,0.22072991329653296,-0.34243174355234335,0.4237726739030383,56.34891424365108,-0.7578141293365982,24.384247331615754
pairs,corr0.80,,,,,,,,8790.0,0.1168947830936275,-0.19306852806200997,0.2364045969471408,56.14334470989761,1.4291549937054813,23.78009101251422
pairs,corr0.90,,,,,,,,3685.0,0.2916956553604041,-0.010858429397516925,0.3786984547160188,57.394843962008146,0.34098062380668376,23.4393487109905
