variant,strategy,cagr,maxdd,sharpe,sh1,sh2,cagr1,cagr2,dd1,dd2,trades,costs
end:1 (live),momentum,16.100586854326913,-24.95116030481066,1.0724202627351922,1.1756076072345327,0.9633960581771117,18.389282509901882,13.840228973969948,-21.860256258600973,-24.95116030481066,349.0,100868.64549614802
end:1 (live),etf_trend,14.38062877239945,-13.078077638091212,1.4581395239693686,1.3793249167980097,1.5326342274629607,12.649708722404673,16.150821495254885,-13.078077638091212,-12.41442473736275,40.0,3706.3274829149027
end:1 (live),live blend,15.808864899385245,-21.934904431633008,1.1627221618176282,1.254004987344178,1.0684415830989076,17.44389148970904,14.185142323794398,-18.432101245730625,-21.934904431633008,,
end:2,momentum,11.216539049505126,-37.75274822775911,0.7311858038879059,0.8981307925677262,0.5343309163575579,15.574454092591704,6.993507687282463,-35.49879036540522,-37.75274822775911,370.0,90270.73581591068
end:2,etf_trend,12.098085093307498,-25.057142505861453,1.1733181287516519,0.8325703899591118,1.515412600959856,8.257978808999056,16.103369791701194,-25.057142505861453,-14.629691158606839,42.0,3547.9573418422265
end:2,live blend,11.380311422402345,-33.49959101667436,0.8049545216768694,0.9209877711107112,0.6723623279392212,14.402186700872722,8.417482373903429,-33.49959101667436,-33.23463704232417,,
end:3,momentum,10.266450956962746,-36.307146114748136,0.6760430722803853,0.6911476726400375,0.6637437775747629,11.315748614068145,9.219640222787895,-36.307146114748136,-29.831505402801106,374.0,81261.03858040876
end:3,etf_trend,11.504169076556202,-23.735923105630963,1.122681360696287,0.7781877151335169,1.4799866153261516,7.765420014611424,15.400794699558196,-23.735923105630963,-14.709347103538184,43.0,3551.2635774809196
end:3,live blend,10.499423614486524,-33.108633972437296,0.7543811942246623,0.7267584121455786,0.7915053500650104,10.712748170556164,10.284987657148804,-33.108633972437296,-25.947597678180056,,
end:4,momentum,11.249451222654972,-39.01375077483365,0.7256804961420228,0.8157952555106287,0.6235962236073007,13.957167349072886,8.587380959881031,-39.01375077483365,-28.086593937972694,353.0,84233.5009784222
end:4,etf_trend,11.16313194916858,-23.772742123158817,1.1051952559026976,0.7874130046672161,1.4234027048784375,7.647851851429177,14.819609645140819,-23.772742123158817,-15.295904009281337,41.0,3406.221550451067
end:4,live blend,11.233961876837029,-35.83448634391667,0.788007459386241,0.8391297175970136,0.7331794843287052,12.931162838180432,9.550393439582926,-35.83448634391667,-25.029517160571967,,
end:5,momentum,12.576826415490562,-38.93957487748547,0.8118915403133284,0.8233045158230516,0.8044083312893692,13.704519947070493,11.452365739548886,-38.93957487748547,-20.623106825540106,358.0,90353.6006904365
end:5,etf_trend,13.256662079465098,-23.752468417635452,1.2768470861234569,0.9489306073900692,1.6032673204902597,9.48598139878123,17.185601186972587,-23.752468417635452,-15.470614026341833,38.0,3301.710527400983
end:5,live blend,12.702180502702888,-35.20541359701424,0.8970709928744572,0.8657587455879723,0.9388328600563153,12.994869448107726,12.408162948813706,-35.20541359701424,-17.40121538267776,,
start:1,momentum,16.929936921989075,-26.16047055404892,1.136878143101773,1.242575073338464,1.025187406454385,19.279405861972055,14.61042550004783,-19.831715612133248,-26.16047055404892,334.0,100788.84807669479
start:1,etf_trend,14.283195568992625,-14.120153085439801,1.435435520858487,1.3314345164621857,1.5347167314895536,12.744860706294258,15.853757224261766,-13.075461202356776,-14.120153085439801,43.0,4067.871426907187
start:1,live blend,16.494963378541037,-22.997128343739128,1.2234734372338512,1.320960637105034,1.1228837846986102,18.215621241679504,14.787303215884972,-18.19541004066705,-22.997128343739128,,
start:2,momentum,16.330620488828828,-22.85154008090917,1.1001574001941186,1.2065745230818095,0.9917503418202771,18.252625283460546,14.42643304659017,-20.773111269743506,-22.85154008090917,329.0,99455.60010443327
start:2,etf_trend,14.010267413701726,-14.04844371373114,1.409190186586224,1.2319919015813818,1.5763361317696498,11.626730008176533,16.462310305900996,-14.04844371373114,-9.66476012219074,39.0,3509.280298341506
start:2,live blend,15.945124318748682,-20.526101685819263,1.1767007399882536,1.2687413724165055,1.0857732729748508,17.176476792963857,14.718037113063097,-18.839580936751375,-20.526101685819263,,
start:3,momentum,15.118600616903688,-25.122017233298966,1.0439467123082593,1.190427134164078,0.8976547925643524,17.50016209138119,12.76878118211231,-22.586632392925267,-25.122017233298966,355.0,103986.86791690282
start:3,etf_trend,13.964891338486506,-16.06293681857651,1.3875084698789244,1.1414536639393438,1.6215487854566482,10.908276538496109,17.128535710414617,-16.06293681857651,-11.069629771973544,40.0,3413.490798548901
start:3,live blend,14.919110283713488,-22.066031935057616,1.1266123205778233,1.245193323660929,1.0110571004454698,16.429675842343737,13.417541370433872,-20.22841058929132,-22.066031935057616,,
start:4,momentum,14.847119736653491,-24.90228993703275,1.0251144341190748,1.1837429133949005,0.8616620404861494,17.728039844205767,12.016832985416936,-19.97971163927248,-24.90228993703275,329.0,99762.41645778749
start:4,etf_trend,14.77574670424553,-14.90934274679847,1.4609254633518,1.2146510690361105,1.6913862381540907,11.540737530104273,18.12875135349823,-14.90934274679847,-11.755206884888747,36.0,3230.1130553554467
start:4,live blend,14.834304469493965,-21.358844913012863,1.1210457295854839,1.244382181705051,0.9963797527117059,16.716595899007693,12.969221864541014,-18.34094603523425,-21.358844913012863,,
start:5,momentum,17.804629531581618,-21.256407695865185,1.1766829401275307,1.2571960630329302,1.1021109107072837,18.50785859122621,17.100584965719555,-15.753489612165584,-21.256407695865185,316.0,98754.48208028689
start:5,etf_trend,14.395159748718257,-16.810626953361705,1.4202288277347945,1.2950831252358554,1.5376795324441064,12.418911251213682,16.42066963101343,-16.810626953361705,-11.893448740851253,34.0,3084.820164864204
start:5,live blend,17.258409661619424,-19.077230760944797,1.2498193497062735,1.3268621538725456,1.181909759642881,17.510312361531422,17.005249780585107,-14.912259917198122,-19.077230760944797,,
start:6,momentum,17.046723786458085,-22.123944072047674,1.1378480493501744,1.1953013566015127,1.080217572724422,17.947084325907102,16.146865777469444,-17.448368763282573,-22.123944072047674,320.0,96321.13873432929
start:6,etf_trend,14.112471436071083,-15.232273164780663,1.400785881468882,1.318173150793864,1.4788947636913685,12.619652961989658,15.635976194130553,-15.232273164780663,-11.947095318756995,36.0,3311.622084099352
start:6,live blend,16.569218161228783,-20.02359987007949,1.2110828163039158,1.2672938576008284,1.1568462386570368,17.0641680745522,16.072840820329915,-15.320840206858366,-20.02359987007949,,
start:7,momentum,16.25387897251671,-28.192920494569417,1.0755834400451116,1.2916371259354191,0.8559048374194139,20.19331235513495,12.416746618911901,-22.263395099251582,-28.192920494569417,333.0,107488.45101095641
start:7,etf_trend,15.45765335769227,-14.45066587300996,1.5086954877046361,1.388408729413471,1.6207718677385472,13.293771647240904,17.678799230333198,-14.45066587300996,-12.657729092489767,32.0,3011.675374998483
start:7,live blend,16.11443636149037,-24.226841436149616,1.1673926237572185,1.3587699371585125,0.9763502129151602,19.075584501256593,13.20651918422422,-19.784036861212016,-24.226841436149616,,
start:8,momentum,13.236841874147377,-30.954964030697052,0.8964792327006559,1.0107229689460104,0.7776711870595383,15.454664139901642,11.046205307188206,-30.954964030697052,-24.119991764502057,335.0,90865.73362104005
start:8,etf_trend,13.604939661736237,-17.56944722918662,1.3473397913443623,1.123767518808241,1.5517459686546085,10.477225148107783,16.844548176029186,-17.56944722918662,-12.068969135281272,32.0,2850.350158919776
start:8,live blend,13.303965073206703,-27.639829114880133,0.980479252167255,1.0580197494699746,0.9009172382233975,14.62660290774882,11.98728579422319,-27.639829114880133,-21.01701592484918,,
start:9,momentum,13.986881143982831,-26.672580577527317,0.9383143409600198,1.13866327904382,0.7248525130682975,18.03142851435011,10.053458319176789,-25.34489878455892,-26.672580577527317,327.0,96230.65146661673
start:9,etf_trend,13.567572997518852,-14.481573041585472,1.355612879257775,1.2267014389729323,1.4756115030909405,11.523316313320553,15.66433814336734,-14.481573041585472,-13.791935338816042,34.0,3094.8664241263587
start:9,live blend,13.912508513980338,-24.02597408860383,1.0160607845523182,1.1894375084848914,0.8350669522245312,16.972648470291098,10.911378993291754,-22.07421539369596,-24.02597408860383,,
start:10,momentum,13.615280766067151,-24.810254097144313,0.9215581951589485,0.9702676593908808,0.8708456102789988,14.691070653414439,12.541990110778478,-24.698875837639257,-24.810254097144313,327.0,86946.6978305003
start:10,etf_trend,12.110776668832845,-16.50303204395668,1.2281253643387955,1.1315915439676474,1.3181661177255892,10.470877130754497,13.787020285244411,-16.50303204395668,-14.038379218471952,39.0,3525.187257800821
start:10,live blend,13.35848140718241,-21.935422370016365,0.9896204588159729,1.0232301511150357,0.9550018031650103,13.980742461983997,12.735200198234553,-21.935422370016365,-21.69653039015088,,
start:11,momentum,13.864660329831935,-27.191808841994447,0.9300691106856237,0.9108517178374589,0.9516596050214633,13.95037054667172,13.77840180764547,-27.191808841994447,-18.013585707851078,326.0,86185.64376109764
start:11,etf_trend,13.861149257615523,-17.23360670661762,1.3901338509714187,1.230808573612421,1.5380398227621872,11.497732689349105,16.292120903265726,-17.23360670661762,-13.252507024628802,35.0,3300.289148596319
start:11,live blend,13.864028414721897,-23.9494241943921,1.0255225141763544,0.9846699720764094,1.068934129113597,13.525807861751815,14.20568826043802,-23.9494241943921,-15.95195670588041,,
start:12,momentum,11.360962397101515,-38.983760189456895,0.7556300682548446,0.6593832438855121,0.8602306392439729,9.944622124290525,12.805882725717321,-38.983760189456895,-23.645485949389833,337.0,79796.72360192795
start:12,etf_trend,13.422538056782397,-18.472029853828754,1.3534927268694923,1.197750348982691,1.4970150372745639,11.047856720907777,15.865546100872162,-18.472029853828754,-13.32762849691026,36.0,3262.798762747642
start:12,live blend,11.76035049297095,-33.53440420765086,0.8659599659708389,0.7481372522867906,0.9908038307215599,10.146813249246843,13.409328433907097,-33.53440420765086,-20.22234861063582,,
start:13,momentum,11.198934339477429,-35.08528185886208,0.7495558016377737,0.8185954893405021,0.6767791686188313,12.710315628472845,9.697219606822504,-35.08528185886208,-25.306517607504354,346.0,85744.25904608284
start:13,etf_trend,13.625889617381027,-21.046004719816224,1.3185954921866998,1.0900245296151396,1.5279175591515792,10.408630965306,16.960940631649812,-21.046004719816224,-14.118066532876817,41.0,3728.1093617902648
start:13,live blend,11.675276358804098,-31.816566083506537,0.8539591410444545,0.880248792506888,0.8265570398254007,12.3110801831672,11.038559824189353,-31.816566083506537,-20.038224380235903,,
start:14,momentum,9.476761716269056,-35.85731405317236,0.6420506082579004,0.7075163476184503,0.5705106356082045,11.151282501632686,7.8157532352912895,-35.85731405317236,-24.46660859877334,347.0,79418.98521653248
start:14,etf_trend,13.376312334929196,-20.910027841179645,1.3234117212293464,1.0541573113467053,1.5680582166887478,9.768785076067154,17.129506187580557,-20.910027841179645,-14.938137907251047,38.0,3492.6122398445495
start:14,live blend,10.284448733193695,-32.84686541930376,0.7608369084051888,0.769124915830832,0.7537853680270505,10.90797031366153,9.660007417716931,-32.84686541930376,-20.5785162279546,,
start:15,momentum,10.966238142688756,-42.54291425460411,0.7232167016267823,0.6638930773183123,0.7985482936634476,10.557324210501262,11.37960758524148,-42.54291425460411,-20.88035533593423,355.0,80106.11849126448
start:15,etf_trend,12.564981768066573,-24.12202991208703,1.2385107867891758,0.8488010202729205,1.619456453737256,8.147637961745735,17.19633048210094,-24.12202991208703,-15.189795077006785,40.0,3327.7799919667173
start:15,live blend,11.27098272375726,-38.77885475274614,0.8136873754897552,0.7040499362172432,0.9472132894017669,10.140404048245632,12.421383916902396,-38.77885475274614,-17.259665435971673,,
start:16,momentum,11.266333564324382,-35.43226744137339,0.736376281050086,0.7747663009110226,0.6958812946579551,12.702680834830304,9.838207756135798,-35.43226744137339,-24.963163519656227,356.0,85377.4543487471
start:16,etf_trend,12.224463371691186,-23.67972544381938,1.1965559514212654,0.7647573584691729,1.6058309425770891,7.211726334199353,17.51000028516383,-23.67972544381938,-15.31240539810378,41.0,3321.7391362653066
start:16,live blend,11.444818638122833,-33.17077083397398,0.8118980255288839,0.7961904159772895,0.8330395875224144,11.798644479022723,11.089592149409121,-33.17077083397398,-21.540449967777985,,
start:17,momentum,13.100127510599124,-38.0647355018908,0.8345646834928155,0.9181786832002011,0.7413723707618045,15.871344979676461,10.376061925585379,-38.0647355018908,-21.924303528263934,344.0,89823.97706430696
start:17,etf_trend,11.71208075537493,-23.984022559753505,1.164500580568573,0.914139577262895,1.4118431874177293,8.88029337845191,14.638583617546551,-23.984022559753505,-15.602602544923705,41.0,3399.304964401648
start:17,live blend,12.862279908096452,-35.70862498691525,0.892362320768607,0.9444272729401183,0.8372439499722047,14.744975675647831,10.997330643949187,-35.70862498691525,-20.06811370244379,,
start:18,momentum,10.237283214497307,-38.13653594435821,0.6749135724626264,0.9222115641306715,0.3823862430920259,16.047075142969636,4.679864530733591,-38.13653594435821,-33.76157121429449,371.0,90912.09903561158
start:18,etf_trend,11.7314771097206,-24.430321105942642,1.131918565271451,0.8284032750430059,1.4387953279819938,8.313380933439918,15.28307363537813,-24.430321105942642,-14.748186913817873,39.0,3221.235953533809
start:18,live blend,10.521139295054605,-35.82629723986022,0.747198942530288,0.9420218012376301,0.5216197106947816,14.815684105063731,6.358202871121277,-35.82629723986022,-29.724069277574415,,
start:19,momentum,10.653704211529336,-37.110120496847756,0.6934411136590705,0.7697435957367178,0.607563250749836,13.07498229899371,8.267498090224045,-37.110120496847756,-29.641796632024963,376.0,87184.26122352385
start:19,etf_trend,11.723590847028852,-25.784518615321318,1.1375192399277227,0.7992760806053644,1.474254657884869,7.88168559610527,15.73129719897899,-25.784518615321318,-14.715010384167893,41.0,3432.3214513078256
start:19,live blend,10.853846873406049,-34.914702618177316,0.7680015953250364,0.7989734276698839,0.73723492092756,12.21550830144369,9.49913959977431,-34.914702618177316,-26.25508295535629,,
start:20,momentum,13.642064882944215,-31.583372582015702,0.9271281915719356,1.158119458569394,0.691175016579495,17.78141236031732,9.620117852003451,-20.524667014740892,-31.583372582015702,370.0,98519.82705123235
start:20,etf_trend,11.830433758386771,-14.811332827423286,1.2119279153069873,1.1113761606295736,1.304588250942261,9.894891213820433,13.814288265705787,-13.329916215449767,-14.811332827423286,42.0,3560.630738442045
start:20,live blend,13.336186382362358,-29.080963429591332,0.9910690794281347,1.2068542120284438,0.7781811372090587,16.526432070604848,10.211382914881884,-18.546109257345268,-29.080963429591332,,
twice a month,momentum,18.049024806530454,-20.509530399219265,1.2006643025454757,1.3280065112772081,1.0652256032008345,20.931737171900977,15.215131778654767,-18.63374572575821,-20.509530399219265,452.0,143482.59891861115
twice a month,etf_trend,14.960936146182636,-12.092103612949877,1.5312529398741053,1.4071890914409895,1.6459675162623344,12.606762827946438,17.38170819377567,-11.38746295274733,-12.092103612949877,51.0,4825.1440520441065
twice a month,live blend,17.548694453421554,-18.170406615194757,1.2832942927501847,1.3943883601678873,1.1678825121509608,19.61165417399826,15.506930761799165,-16.17338196482362,-18.170406615194757,,
every 2 weeks,momentum,13.53345021460093,-26.581284785223414,0.932339685086359,1.0974307022597032,0.763379166841862,16.468387126755623,10.652256739567424,-20.163677393287248,-26.581284785223414,497.0,129841.6835654677
every 2 weeks,etf_trend,14.560219480730762,-13.839066068944462,1.5066403083657247,1.389473154211152,1.6153563051221627,12.404970316204045,16.772666069956355,-13.839066068944462,-12.21746630862759,52.0,4841.8548843250965
every 2 weeks,live blend,13.725050799021732,-22.78922346187011,1.0435307468418038,1.1816002930254585,0.9047054976478257,15.78203682578958,11.690278135977007,-17.528506269426003,-22.78922346187011,,
weekly,momentum,14.456324815064182,-26.103353971522747,0.9994124859302095,1.2672419856309765,0.7205255951036837,19.350446566108182,9.730003186128267,-16.581304348451688,-26.103353971522747,646.0,193522.58643862262
weekly,etf_trend,14.27690203587817,-12.074349273817997,1.4967386730329317,1.4344416081294757,1.557629822823849,12.532920301954853,16.06068552697424,-11.224914151962295,-12.074349273817997,76.0,7212.070068804401
weekly,live blend,14.42423053857107,-22.42234633592205,1.0972716889560044,1.339970770074946,0.849270269662586,18.245424101447092,10.70049100410122,-15.538188019209942,-22.42234633592205,,
