family,k,cagr,maxdd,sharpe,sh1,sh2,cagr1,cagr2,dd1,dd2
monthly,1,16.799141044024914,-26.357536292197103,1.1303272356192948,1.233743470743145,1.0211179114763285,19.09166513119638,14.534812443843714,-19.7636332046363,-26.357536292197103
monthly,2,16.27675691421606,-23.071684963570338,1.0969671056551966,1.205929161616083,0.9859977835448255,18.24057075644785,14.331853099610337,-21.001298890718424,-23.071684963570338
monthly,3,14.99711384865896,-25.296025949952096,1.0368314038890545,1.179793665766472,0.8940513674473685,17.316327119716757,12.70764037167973,-22.66900094730604,-25.296025949952096
monthly,4,14.759957654472998,-24.91717688966292,1.0199147306732064,1.1754543897264438,0.8596165676990098,17.58563861442337,11.982682259787648,-20.14991549703826,-24.91717688966292
monthly,5,17.757993522206796,-21.934419207093626,1.1760253269616017,1.2494044601735135,1.1078090845327553,18.369460452623176,17.14534267761576,-15.748654840203336,-21.934419207093626
monthly,6,16.924224713371274,-22.087408112240226,1.1302835406690115,1.1843500388993953,1.0759474396282236,17.77888055617083,16.06972009763723,-17.648890850692776,-22.087408112240226
monthly,7,16.11907602489957,-28.325265837574975,1.0676939148882603,1.2831039763859602,0.8487466932728253,20.038784302020375,12.300672757242337,-22.43130596227074,-28.325265837574975
monthly,8,13.089493869643487,-31.0367988033757,0.888334942511987,0.9962042808853703,0.7758290135927248,15.212336861647513,10.990990308940551,-31.0367988033757,-24.224483326741176
monthly,9,13.88940360163653,-26.823441807509564,0.9327990547907715,1.1302156422736558,0.7221757591664528,17.886390372357464,10.000775289099927,-25.503744510622063,-26.823441807509564
monthly,10,13.603497025737976,-24.92867641320402,0.9201975085908878,0.9736501409564784,0.8645641796947794,14.759673320519905,12.450818712503553,-24.810372294133355,-24.92867641320402
monthly,11,13.737419988280708,-27.32859970474407,0.9230573023593666,0.90067599804606,0.9481030838652863,13.768391786102452,13.706235033282077,-27.32859970474407,-18.003319231124458
monthly,12,11.359398540441923,-39.065981087799464,0.756103424747512,0.6527739651482299,0.8682928104671048,9.814969600733892,12.936836888401704,-39.065981087799464,-23.73690353977952
monthly,13,10.889676410851656,-35.18075527267439,0.7353337224098287,0.8108691050133162,0.6551059945009504,12.555742213800247,9.236611657165916,-35.18075527267439,-25.453746176091187
monthly,14,9.32505221025648,-35.987792187712245,0.6342763240378851,0.7027784666883049,0.5592341544279665,11.052311078115507,7.61258367939166,-35.987792187712245,-24.40818082490074
monthly,15,10.840975699958522,-42.72309344197303,0.7165011693259936,0.6577379778232113,0.7912417311572865,10.43780245324255,11.24852235468261,-42.72309344197303,-20.986351265438685
monthly,16,11.049150199802948,-35.60525896315818,0.7259619572521315,0.7653629361989824,0.6842964541095995,12.506026804452608,9.600914051736108,-35.60525896315818,-25.214598929113784
monthly,17,12.916908843771102,-38.016794959756716,0.825255533923978,0.9105351820777268,0.7299697956754917,15.693509447851284,10.187785446722275,-38.016794959756716,-22.093663869815416
monthly,18,10.061449273922008,-38.38428396585943,0.665368698259593,0.9105887505591503,0.37461283199473905,15.819260611855391,4.551714818137675,-38.38428396585943,-33.99297415332463
monthly,19,10.585175711374962,-37.35987382412741,0.6901187215535086,0.7646207757983566,0.6064120444212296,12.958729563509142,8.245041911607998,-37.35987382412741,-29.688719739832948
monthly,20,13.550626385255992,-31.501524871781406,0.9222216304221184,1.1448552964103171,0.6945055166638539,17.546319844399804,9.663607988266175,-20.77855377054867,-31.501524871781406
2 tranches,1,15.30855807522833,-22.19494842403733,1.0640557006748788,1.095855573249875,1.0308567242862252,16.266222031544796,14.352012512454927,-20.472986202880715,-22.19494842403733
twice a month,1,19.47538344398494,-21.62321182808238,1.2929323177876548,1.4498983443282847,1.1286720524896967,22.714097070521454,16.299880524127474,-14.373053310571072,-21.62321182808238
2 tranches,2,13.915733660714192,-27.187470832537507,0.9623825730157004,0.9630988129157797,0.9614675487243244,14.071559177923177,13.759007980833005,-27.187470832537507,-23.069829012826425
twice a month,2,16.322088624147035,-24.326462081051314,1.0998945341557649,1.3740708825276522,0.8166068868211632,21.407965063691982,11.415132693500919,-16.366227514623144,-24.326462081051314
2 tranches,3,12.95209935240118,-27.436665882638078,0.9136516008999366,1.024738496034451,0.8004825947074641,14.854456671957262,11.067972934373005,-27.436665882638078,-23.840991117486908
twice a month,3,13.312925885040983,-27.29147045802862,0.9288364840488634,1.1541262934071992,0.7040592338514,17.024381110556995,9.69387340441683,-19.804151774598942,-27.29147045802862
2 tranches,4,12.128255902712649,-27.281726087411794,0.8572593817559988,0.9643782684774942,0.7443533172596422,14.225849611065344,10.054580862704698,-27.281726087411794,-24.690721600537724
twice a month,4,12.925462145195654,-29.57125665701866,0.9164660276415041,1.1640306735428478,0.6610900493239725,17.23593189203092,8.74431687895294,-19.802287464640088,-29.57125665701866
2 tranches,5,14.551623647240985,-26.98578950006487,0.9955811273585785,0.989697837795775,1.001155171790696,14.463662095636497,14.64028310363219,-26.98578950006487,-21.253813835391156
twice a month,5,14.858609442459048,-21.212506146086774,1.0317504946985836,1.2875553823926749,0.7790484293369244,18.99418074129855,10.8387018734166,-17.00958072006955,-21.212506146086774
2 tranches,6,14.056792737566969,-25.835143914878245,0.9660771342218475,1.0052712853576575,0.9253238104689282,14.947194713991285,13.16698905474012,-25.835143914878245,-21.994373132489674
twice a month,6,14.396014940066127,-24.3770552138984,1.006208900781986,1.1310473760279998,0.8760985778092506,16.760748692111306,12.062761263460132,-19.698442945814975,-24.3770552138984
2 tranches,7,14.54155069798244,-27.8521743506007,0.9861718198125358,1.1466258394449502,0.8177731219554818,17.686459344031704,11.459072141473015,-27.8521743506007,-25.828937406046325
twice a month,7,15.726506063762313,-22.781395038211517,1.0623453068661304,1.2158748890598272,0.9012592844269555,18.784310171164485,12.726373532707669,-19.087284504821632,-22.781395038211517
2 tranches,8,11.535600208349251,-34.2817128324607,0.8017547682586105,0.9870073686055924,0.60030943044956,15.277401038971018,7.889770560671128,-34.2817128324607,-28.80706465506688
twice a month,8,12.638576513588283,-35.1016340693862,0.8557946114181078,1.0870761601015246,0.6083158512198327,17.218650461994866,8.206586544882132,-28.8583408652459,-35.1016340693862
2 tranches,9,12.180320298147862,-30.160009284333377,0.8361101923806961,0.9703715847203269,0.689558210934472,15.124856332534154,9.290826752497372,-30.160009284333377,-28.39866576377288
twice a month,9,12.83634584120974,-30.714768135201453,0.8720470079525382,1.0175613533853063,0.7160357641828574,15.86969023560223,9.861549646589541,-22.562039686469447,-30.714768135201453
2 tranches,10,13.424992208261033,-27.98148191235613,0.9395429904759512,1.0767781752056775,0.7995449314758669,15.802920256894271,11.07939629165713,-18.984583461738836,-27.98148191235613
twice a month,10,16.0448104537916,-30.18267337177033,1.0811749727591553,1.3011272312970672,0.8514588092292339,20.26403122021665,11.9449939694112,-18.21857891991635,-30.18267337177033
3 tranches,1,13.317939720569294,-27.673520812468546,0.94292096600254,0.9927363150172314,0.8905839260128372,14.47943917461403,12.160037891865638,-27.673520812468546,-24.53657362979196
3 tranches,2,13.595879314950409,-25.230383106625574,0.953687415302331,1.0625628998159276,0.839951247650298,15.689262921555102,11.525797912224611,-25.230383106625574,-25.11903324520136
3 tranches,3,13.503240217074563,-26.470637079295212,0.949472083005668,1.0529433998795017,0.8421996923544034,15.430044818004074,11.595152408301,-26.470637079295212,-24.01798741555279
3 tranches,4,12.686780830773614,-28.262592546292797,0.8972725008605119,1.0231501775450782,0.7625330596882637,15.251139221414235,10.161736530742726,-28.262592546292797,-25.445336768850613
3 tranches,5,13.164814732437202,-29.47455107015712,0.9066825031352899,0.903591239400177,0.9097645827826193,13.272010289925905,13.056954463157888,-29.47455107015712,-24.969410673589532
3 tranches,6,13.57315965619106,-24.757871636602324,0.9574237777108205,1.0582233246626223,0.854475936705291,15.321129801764632,11.839457343525517,-19.768855240596316,-24.757871636602324
3 tranches,7,13.905228846965034,-26.884207173341757,0.9742331506792491,1.1145918345470747,0.8271848558604025,16.57161155461846,11.281403662227296,-21.234567410100812,-26.884207173341757
