family,variant,n,mean_pct,t,mean_A_pct,mean_B_pct,win_pct,mean_rs,mean_A_rs,mean_B_rs
F1,"reversal 1d, hold 1",1969,-0.5620589106101144,-14.209107271841312,-0.5191503533796182,-0.6050110740979588,33.57034027425089,,,
F1,"reversal 1d, hold 5",1969,-0.45952817080920827,-3.060628776644184,-0.2700616069850189,-0.6491872819543574,45.149822244794315,,,
F1,"reversal 1d, hold 10",1969,-0.35038023762034914,-1.184950572194192,-0.048301766839723,-0.6527656987168092,46.978161503301166,,,
F1,"reversal 1d, hold 20",1969,-0.08652276803510497,-0.1485748776180534,0.34807067662731106,-0.5215578727022592,49.314372778059926,,,
F1,"reversal 1d, hold 1, market filter",1512,-0.6161130369967482,-13.880826074898104,-0.5999768141108677,-0.6322920048439157,31.48148148148148,,,
F1,"reversal 1d, hold 5, market filter",1512,-0.772564793911986,-4.716261194366646,-0.6407705863888958,-0.9047081251636143,42.129629629629626,,,
F1,"reversal 1d, hold 10, market filter",1512,-0.8130048976901902,-2.55212129601553,-0.6098445138554135,-1.0167034547271783,44.047619047619044,,,
F1,"reversal 1d, hold 20, market filter",1512,-0.7765744538919723,-1.2379817639383828,-0.35777637529956297,-1.1964819313680704,45.23809523809524,,,
F1,"reversal 3d, hold 1",1969,-0.5536117888852843,-13.58220135567685,-0.5146659480161224,-0.5925972088610206,34.48450990350432,,,
F1,"reversal 3d, hold 5",1969,-0.4852442770860191,-2.964413588042665,-0.2535331496141062,-0.7171908833460133,45.505332656170644,,,
F1,"reversal 3d, hold 10",1969,-0.3891147051861347,-1.2088282706260571,-0.10592208487924407,-0.6725951228713859,47.07973590655155,,,
F1,"reversal 3d, hold 20",1969,-0.16468723901412527,-0.2668936041227853,0.2358193309459498,-0.5656008278461109,49.06043676993398,,,
F1,"reversal 3d, hold 1, market filter",1512,-0.6092979474989809,-13.48347149476113,-0.5944303382687229,-0.6242049411245507,31.812169312169313,,,
F1,"reversal 3d, hold 5, market filter",1512,-0.7760269898897174,-4.337557378089724,-0.6116236120295951,-0.9408658733865551,42.195767195767196,,,
F1,"reversal 3d, hold 10, market filter",1512,-0.8151726481161939,-2.3299267963413732,-0.6094210117467875,-1.0214693219329365,44.37830687830688,,,
F1,"reversal 3d, hold 20, market filter",1512,-0.8066557279138702,-1.207647222907127,-0.4211755590432737,-1.1931570363046535,46.164021164021165,,,
F1,"reversal 5d, hold 1",1969,-0.5851017380023141,-14.203191479475064,-0.539203687510957,-0.6310464328539268,32.351447435246314,,,
F1,"reversal 5d, hold 5",1969,-0.5512163144976588,-3.1187924955260264,-0.285699126911812,-0.8170033366237351,43.82935500253936,,,
F1,"reversal 5d, hold 10",1969,-0.4098062633816411,-1.185716563404218,-0.021554416077453616,-0.7984526755713003,45.962417470797355,,,
F1,"reversal 5d, hold 20",1969,-0.259154023033665,-0.40168780215254174,0.16894268736216098,-0.6876857910620072,48.29862874555612,,,
F1,"reversal 5d, hold 1, market filter",1512,-0.6354025037189549,-13.95918591845252,-0.6107277916262577,-0.6601425792873945,30.02645502645503,,,
F1,"reversal 5d, hold 5, market filter",1512,-0.8394891912863643,-4.361715758554918,-0.6304339931749822,-1.0490981780020152,41.00529100529101,,,
F1,"reversal 5d, hold 10, market filter",1512,-0.8563265237895687,-2.2886731170619505,-0.5196739152411345,-1.1938709273275356,43.716931216931215,,,
F1,"reversal 5d, hold 20, market filter",1512,-0.898871934299801,-1.2916021589230466,-0.4780215017407543,-1.3208372024417858,45.23809523809524,,,
F1,"reversal 10d, hold 1",1969,-0.5919704980308127,-14.063233555799277,-0.5576488279980638,-0.6263270478095297,34.23057389537836,,,
F1,"reversal 10d, hold 5",1969,-0.5623395978157655,-3.024590310565878,-0.36092454594842643,-0.7639593397764656,44.38801422041646,,,
F1,"reversal 10d, hold 10",1969,-0.4424583698462404,-1.2235355531490693,-0.27182069897870625,-0.6132694529809163,45.65769426104622,,,
F1,"reversal 10d, hold 20",1969,-0.3322927165758125,-0.4848996724079302,-0.10963256455086999,-0.5551791492430569,47.28288471305231,,,
F1,"reversal 10d, hold 1, market filter",1512,-0.6290113012967479,-13.630026524965965,-0.5990414007712519,-0.659060592287212,31.349206349206348,,,
F1,"reversal 10d, hold 5, market filter",1512,-0.8469272553175606,-4.294934157772061,-0.6820619936730558,-1.0122292461319844,41.4021164021164,,,
F1,"reversal 10d, hold 10, market filter",1512,-0.9256810572992163,-2.3929812259242333,-0.8344586181578869,-1.017145145285953,42.65873015873016,,,
F1,"reversal 10d, hold 20, market filter",1512,-1.0014153959595655,-1.362068885207824,-0.8197691223508015,-1.1835428517500752,43.51851851851852,,,
F1,"breakout 20d, hold 1",1895,-0.6712857552895063,-21.281169505392178,-0.6584940352939767,-0.6841180409932671,26.121372031662272,,,
F1,"breakout 20d, hold 5",1895,-0.6200779851305094,-5.523181665800611,-0.5106913720190928,-0.7298114902496793,42.480211081794195,,,
F1,"breakout 20d, hold 10",1895,-0.44188568092823916,-2.0282837722712426,-0.1718480302832972,-0.7127796877591588,47.28232189973615,,,
F1,"breakout 20d, hold 20",1895,0.06556859905523721,0.15726161559959612,0.6945757730455105,-0.5654333122732715,51.29287598944591,,,
F1,"breakout 20d, hold 1, market filter",1481,-0.6493579224487892,-19.48889987532405,-0.6262860496282292,-0.6726489311034657,25.928426738690074,,,
F1,"breakout 20d, hold 5, market filter",1481,-0.6474372947609874,-5.198355854735451,-0.5241425366046131,-0.7719031021807192,41.188386225523296,,,
F1,"breakout 20d, hold 10, market filter",1481,-0.5729216078560962,-2.3330423123670463,-0.33276820374992927,-0.8153559805222946,45.644834571235656,,,
F1,"breakout 20d, hold 20, market filter",1481,-0.23476477174699037,-0.49426490832970893,0.3657275770827386,-0.8409605757216421,49.62862930452397,,,
F1,"breakout 55d, hold 1",1783,-0.6490271941141552,-19.184269047310757,-0.6420394884675366,-0.6562136399668776,26.75266404935502,,,
F1,"breakout 55d, hold 5",1783,-0.627915680831222,-5.228187887021077,-0.5787278863387855,-0.6785024455879483,42.00785193494111,,,
F1,"breakout 55d, hold 10",1783,-0.46579462732585164,-2.0536523209255746,-0.25629816754593676,-0.6812494619572997,46.77509814918676,,,
F1,"breakout 55d, hold 20",1783,-0.06457155883336414,-0.14973979767878423,0.4437136631435393,-0.5873131295581886,50.084127874369045,,,
F1,"breakout 55d, hold 1, market filter",1452,-0.611412393498305,-17.150557759579666,-0.597808109756407,-0.6252053635611723,26.79063360881543,,,
F1,"breakout 55d, hold 5, market filter",1452,-0.5885002832109053,-4.615090370700248,-0.5299320430067052,-0.6478808429741093,41.04683195592286,,,
F1,"breakout 55d, hold 10, market filter",1452,-0.48534346774169523,-1.9527885217619119,-0.27408464298864754,-0.6995323732818868,46.625344352617084,,,
F1,"breakout 55d, hold 20, market filter",1452,-0.056037552952783926,-0.11869073579364663,0.4746854080032705,-0.5941214426322238,50.068870523415974,,,
F1,"breakout 120d, hold 1",1709,-0.6513409605149187,-18.690188458238232,-0.613540762377978,-0.6901724807837095,27.32592159157402,,,
F1,"breakout 120d, hold 5",1709,-0.643266163201531,-5.14611840434548,-0.564249833159755,-0.7244383361744583,41.07665301345816,,,
F1,"breakout 120d, hold 10",1709,-0.4361670812674405,-1.8784731406146236,-0.12617910738655,-0.7546126155270503,46.05032182562902,,,
F1,"breakout 120d, hold 20",1709,0.062296512045854076,0.13730089066203874,0.6322853245899506,-0.5232435966886508,50.7899356348742,,,
F1,"breakout 120d, hold 1, market filter",1420,-0.6155776605435858,-17.106589824965116,-0.5654945716046128,-0.6665144384985641,27.042253521126757,,,
F1,"breakout 120d, hold 5, market filter",1420,-0.6247630990218603,-4.82595656477516,-0.5265240951016061,-0.7246766314180279,39.859154929577464,,,
F1,"breakout 120d, hold 10, market filter",1420,-0.4653827678271594,-1.9124410588017768,-0.14990984533334611,-0.7862330696816627,45.42253521126761,,,
F1,"breakout 120d, hold 20, market filter",1420,-0.06257123665863637,-0.1316128527079505,0.5258137846970574,-0.6609855481510748,50.84507042253521,,,
F1,"breakout 250d, hold 1",1619,-0.6298550361711942,-18.074730740645766,-0.5609812642766541,-0.7001905485428968,27.36256948733786,,,
F1,"breakout 250d, hold 5",1619,-0.7076083139835172,-5.729768817136403,-0.5639127383512429,-0.8543536084494355,40.64237183446572,,,
F1,"breakout 250d, hold 10",1619,-0.4178932780680709,-1.7769018019605196,-0.09293512721271628,-0.7497481687043757,46.20135886349598,,,
F1,"breakout 250d, hold 20",1619,0.0815009670721327,0.1808306261637264,0.6137041875854421,-0.46199745287778876,51.88387893761581,,,
F1,"breakout 250d, hold 1, market filter",1383,-0.6187085033359812,-16.964732796799733,-0.5428402939128919,-0.6962404892815066,26.970354302241507,,,
F1,"breakout 250d, hold 5, market filter",1383,-0.6782363667496466,-5.326027396739748,-0.538248690618493,-0.8212939480591147,39.62400578452639,,,
F1,"breakout 250d, hold 10, market filter",1383,-0.45652078355509507,-1.8639715900914513,-0.13162219647926643,-0.7885443396457448,45.62545191612436,,,
F1,"breakout 250d, hold 20, market filter",1383,0.10639132642626754,0.22556134862706537,0.7088919279967336,-0.5093220076347789,52.34996384671005,,,
F1,"momentum 21d, hold 1",1969,-0.5668628292050145,-17.30068928829043,-0.5224348207605957,-0.611335988064519,32.60538344337227,,,
F1,"momentum 21d, hold 5",1969,-0.4985913341822634,-3.8540208106120875,-0.25776773568077216,-0.7396596721131264,45.65769426104622,,,
F1,"momentum 21d, hold 10",1969,-0.43209659987412374,-1.6184494446585327,0.11717281619712731,-0.9819242165714633,48.29862874555612,,,
F1,"momentum 21d, hold 20",1969,-0.2514849500394154,-0.4593644784959917,0.6972472486977632,-1.2011813075151483,49.66988318943626,,,
F1,"momentum 21d, hold 1, market filter",1512,-0.5999815940721043,-16.069404494845323,-0.5644465808625588,-0.6356107397669728,31.283068783068785,,,
F1,"momentum 21d, hold 5, market filter",1512,-0.6813285663167742,-4.600838484493865,-0.487042287091224,-0.8761295111826568,43.452380952380956,,,
F1,"momentum 21d, hold 10, market filter",1512,-0.7298187930564888,-2.4289689123955513,-0.23850185193098075,-1.222437236012793,45.8994708994709,,,
F1,"momentum 21d, hold 20, market filter",1512,-0.7294134139244854,-1.163731883204538,0.25433001590741977,-1.7157627866168725,46.03174603174603,,,
F1,"momentum 63d, hold 1",1969,-0.5834032652805615,-18.00303337609383,-0.5419455163042581,-0.6249031461155808,32.30066023362112,,,
F1,"momentum 63d, hold 5",1969,-0.4869164215668572,-3.5543727824380187,-0.259288310138944,-0.7147758623763031,46.67343829355002,,,
F1,"momentum 63d, hold 10",1969,-0.4136587001423574,-1.5525552097727833,-0.04431021716379154,-0.7833825372702916,49.36515997968512,,,
F1,"momentum 63d, hold 20",1969,-0.3046396078084958,-0.5856837371596166,0.22724841087150038,-0.8370681630928415,53.7328593194515,,,
F1,"momentum 63d, hold 1, market filter",1512,-0.6170939602771067,-16.55550734390987,-0.5829550336573363,-0.6513233211395789,30.753968253968257,,,
F1,"momentum 63d, hold 5, market filter",1512,-0.5999771215893209,-3.7451149166179776,-0.38881765395554124,-0.8116959520512695,44.51058201058201,,,
F1,"momentum 63d, hold 10, market filter",1512,-0.5913654487910229,-1.9067953911342206,-0.22556137205706236,-0.9581385429467953,47.68518518518518,,,
F1,"momentum 63d, hold 20, market filter",1512,-0.6957254827642817,-1.1488443874878114,-0.06963985226078247,-1.3234696182492478,50.46296296296296,,,
F1,"momentum 126d, hold 1",1969,-0.5712431363514386,-18.190985823744423,-0.5545345911701217,-0.5879686617615985,33.011681056373796,,,
F1,"momentum 126d, hold 5",1969,-0.38191123832668045,-2.885161381685141,-0.2575671582640837,-0.5063816843243,47.841543930929404,,,
F1,"momentum 126d, hold 10",1969,-0.19983149340904305,-0.7677939518643779,0.03874884661342726,-0.43865429312665805,52.86947689182326,,,
F1,"momentum 126d, hold 20",1969,0.0896494130629186,0.17455212869707848,0.44996461295338536,-0.2710319608111766,55.459624174707976,,,
F1,"momentum 126d, hold 1, market filter",1512,-0.6032550305391422,-17.052153347983907,-0.5922300880344514,-0.6143091781895407,31.48148148148148,,,
F1,"momentum 126d, hold 5, market filter",1512,-0.5455285448378631,-3.662112922757686,-0.43607592702445946,-0.6552711033607064,45.43650793650794,,,
F1,"momentum 126d, hold 10, market filter",1512,-0.4752510934958871,-1.6138310204124016,-0.2879950991638899,-0.663003130196976,50.33068783068783,,,
F1,"momentum 126d, hold 20, market filter",1512,-0.33897660018087944,-0.5754681163084786,0.039960330312657937,-0.7189173371128104,52.71164021164021,,,
F1,"momentum 252d, hold 1",1969,-0.5574501209511558,-18.732270573901616,-0.5167905415871153,-0.5981510210259319,31.995937023869985,,,
F1,"momentum 252d, hold 5",1969,-0.28866462646670427,-2.281377627336051,-0.07788773939256757,-0.4996557176943716,48.60335195530726,,,
F1,"momentum 252d, hold 10",1969,-0.0147645123435013,-0.06230679520220276,0.4340540121356205,-0.46403915320928885,52.97105129507364,,,
F1,"momentum 252d, hold 20",1969,0.47915802831005155,1.0343861304754707,1.3700273631976194,-0.4126166615926462,54.900964956830876,,,
F1,"momentum 252d, hold 1, market filter",1512,-0.5740406768350667,-17.324554372061396,-0.5403645553328222,-0.607806006606191,31.084656084656086,,,
F1,"momentum 252d, hold 5, market filter",1512,-0.4480080416278395,-3.1467520425416997,-0.27715823760352043,-0.6193104279144748,46.230158730158735,,,
F1,"momentum 252d, hold 10, market filter",1512,-0.2815869301185901,-1.0551591071618398,0.07492155238804928,-0.6390398059563729,50.52910052910053,,,
F1,"momentum 252d, hold 20, market filter",1512,0.05896086968632939,0.11329635840544382,0.8474786330905242,-0.7316456824950949,51.19047619047619,,,
F1,"pullback rsi2<5, hold 1",1295,-0.4357532671711172,-8.3269219584806,-0.35077188145927574,-0.5224581443248525,38.06949806949807,,,
F1,"pullback rsi2<5, hold 5",1295,-0.12286110299966532,-0.7870716404772293,0.1925214096765083,-0.44463982888143994,48.57142857142857,,,
F1,"pullback rsi2<5, hold 10",1295,-0.14758361695948846,-0.5275317564688046,0.21153534034116214,-0.5139857980431475,50.19305019305019,,,
F1,"pullback rsi2<5, hold 20",1295,0.6103275942754198,1.1582985695694163,1.2577575722833902,-0.050232788902758715,52.35521235521235,,,
F1,"pullback rsi2<5, hold 1, market filter",1021,-0.46155918785909983,-8.056404529923924,-0.38941015379100274,-0.5349915051418469,37.02252693437806,,,
F1,"pullback rsi2<5, hold 5, market filter",1021,-0.25447955627759244,-1.4794973283746982,0.03501054165421725,-0.5491186875718259,47.30656219392752,,,
F1,"pullback rsi2<5, hold 10, market filter",1021,-0.3388332895126123,-1.0798486784876398,-0.021843707762862482,-0.6614610258784643,48.383937316356516,,,
F1,"pullback rsi2<5, hold 20, market filter",1021,0.1739311491337129,0.27975241443141585,0.9580504633544951,-0.6241349513083876,50.146914789422134,,,
F1,"pullback rsi2<10, hold 1",1650,-0.4981816991120387,-12.129597740939252,-0.4599353330529905,-0.5366139527339499,35.75757575757576,,,
F1,"pullback rsi2<10, hold 5",1650,-0.282388026621723,-2.2208478194406935,-0.02254064191874199,-0.5434983390753868,47.696969696969695,,,
F1,"pullback rsi2<10, hold 10",1650,-0.31077399481387535,-1.3109004277196363,0.03510140578772749,-0.6583304423199818,50.0,,,
F1,"pullback rsi2<10, hold 20",1650,0.18413640830040498,0.41891665012519713,0.6152110920257436,-0.24903341362043943,52.06060606060606,,,
F1,"pullback rsi2<10, hold 1, market filter",1300,-0.5081236188450102,-11.237474300076766,-0.46890811736688626,-0.5472186425920185,34.76923076923077,,,
F1,"pullback rsi2<10, hold 5, market filter",1300,-0.3875614755382717,-2.836731274358418,-0.09035742358415846,-0.6838524582083476,46.23076923076923,,,
F1,"pullback rsi2<10, hold 10, market filter",1300,-0.47628528879428267,-1.8191333795606441,-0.12465357326054802,-0.8268367225598644,47.92307692307693,,,
F1,"pullback rsi2<10, hold 20, market filter",1300,-0.14412752255218816,-0.2908544083065587,0.3515358242707041,-0.638268094116024,49.769230769230774,,,
F1,"pullback rsi2<20, hold 1",1883,-0.511120980205075,-15.326930233108207,-0.49505000014290745,-0.5274500595187762,33.35103558151885,,,
F1,"pullback rsi2<20, hold 5",1883,-0.22305622890048804,-1.8986422193248653,-0.05655044036214428,-0.3922360932718888,47.47742963356346,,,
F1,"pullback rsi2<20, hold 10",1883,-0.14780101982139926,-0.672332226319177,0.06786709786007045,-0.36693275823651156,51.14179500796601,,,
F1,"pullback rsi2<20, hold 20",1883,0.44859123338724755,1.0781895526829082,0.7450250711977298,0.14739668083676832,54.1157727031333,,,
F1,"pullback rsi2<20, hold 1, market filter",1460,-0.533785727184633,-14.787778579290995,-0.5422151987427398,-0.5252165406283255,31.643835616438352,,,
F1,"pullback rsi2<20, hold 5, market filter",1460,-0.3698174388987746,-2.876468178730964,-0.21846812409420333,-0.5236753058824272,45.41095890410959,,,
F1,"pullback rsi2<20, hold 10, market filter",1460,-0.3327360659668459,-1.372925633756338,-0.1833140743548897,-0.48463466517458037,49.52054794520548,,,
F1,"pullback rsi2<20, hold 20, market filter",1460,0.08540664188307115,0.187297939195169,0.31108783258391676,-0.1440151210393353,51.16438356164383,,,
F1,"volume surge 2x, hold 1",1779,-0.6807929209624056,-9.473028923407663,-0.6760878022521568,-0.6852860508076871,33.501967397414276,,,
F1,"volume surge 2x, hold 5",1779,-0.4383541904030146,-2.567190239156533,-0.28074263711348774,-0.5888645638190575,44.631815626756605,,,
F1,"volume surge 2x, hold 10",1779,-0.13515015081800838,-0.47343182225025443,0.2976892628538513,-0.5484880084892677,48.791455874086566,,,
F1,"volume surge 2x, hold 20",1779,0.26240323343378547,0.5124110300263685,0.8097891312452463,-0.26032022282792844,49.80326025857223,,,
F1,"volume surge 2x, hold 1, market filter",1381,-0.6278218309313399,-9.684097398808415,-0.6293682331840116,-0.6263518751177126,32.367849384503984,,,
F1,"volume surge 2x, hold 5, market filter",1381,-0.5287068505713934,-3.0024979923173363,-0.4367858927860283,-0.6160836932120015,43.37436640115858,,,
F1,"volume surge 2x, hold 10, market filter",1381,-0.3339485853922017,-1.0765640910484506,0.008543928293186351,-0.6595099719886224,46.41564083997103,,,
F1,"volume surge 2x, hold 20, market filter",1381,-0.2573049769131037,-0.4532019560469906,0.26348642561399227,-0.7523510417446512,46.92251991310644,,,
F1,"volume surge 3x, hold 1",1236,-0.7286282362103002,-6.466436978639331,-0.7679719014780559,-0.6940679952912077,36.56957928802589,,,
F1,"volume surge 3x, hold 5",1236,-0.6176478931180985,-2.5760404015684375,-0.37734510303553104,-0.8287345385097764,43.44660194174757,,,
F1,"volume surge 3x, hold 10",1236,-0.4096578285121096,-1.0936464990892871,0.17144624781463205,-0.920110953309764,47.16828478964401,,,
F1,"volume surge 3x, hold 20",1236,0.07027667513250942,0.11482725781447659,1.2970979665451787,-1.0073870124609905,49.029126213592235,,,
F1,"volume surge 3x, hold 1, market filter",976,-0.5595328548805181,-5.405452569994714,-0.5445410724672054,-0.5721485812132302,36.7827868852459,,,
F1,"volume surge 3x, hold 5, market filter",976,-0.6493957735482003,-2.4836737655681658,-0.41674758991550165,-0.8451714148693017,43.135245901639344,,,
F1,"volume surge 3x, hold 10, market filter",976,-0.532588299714629,-1.2745635944155174,-0.09223738747586172,-0.9031477466174408,46.72131147540984,,,
F1,"volume surge 3x, hold 20, market filter",976,-0.3605788366652901,-0.5279500735005008,0.6855776367333939,-1.2409293784309747,46.41393442622951,,,
F2,buy gap-down 1%,1616,0.33835010034825036,4.6968788388687335,0.5793410436932607,0.09435802445847025,53.71287128712871,,,
F2,"buy gap-down 1%, market filter",1233,0.31238924594407436,3.744578976053873,0.5625206071379404,0.057754701488125657,52.87915652879156,,,
F2,short gap-up 1%,1823,0.38905010123755174,7.444725160867312,0.5362896013729759,0.24034956967851268,58.85902358749314,,,
F2,"short gap-up 1%, market filter",1409,0.4131499220172149,7.4308957423127175,0.5763761767064237,0.24782504405343034,60.68133427963094,,,
F2,buy gap-down 2%,1066,0.7767354301261377,5.626231443937756,1.3789681171835657,0.23461866191936195,56.47279549718574,,,
F2,"buy gap-down 2%, market filter",803,0.747220452933259,4.809278311084677,1.4598938124652923,0.11966733072238192,55.666251556662516,,,
F2,short gap-up 2%,1186,0.5224691002683929,3.928705072442478,1.02960779821346,0.030494017876500645,58.93760539629005,,,
F2,"short gap-up 2%, market filter",889,0.415472523160034,3.1570498950402976,0.9086374614650345,-0.06563727220862203,59.84251968503938,,,
F2,buy gap-down 3%,736,1.1230061217774596,5.005370967259693,1.9022068047168657,0.4164770051225581,55.29891304347826,,,
F2,"buy gap-down 3%, market filter",547,1.1812863912640068,4.482239119208114,2.228922867718449,0.3187323589831833,53.93053016453382,,,
F2,short gap-up 3%,737,0.9506848573241711,4.901082131552013,1.8062995584330306,0.12473146585375221,60.92265943012212,,,
F2,"short gap-up 3%, market filter",554,0.911232598245955,4.9143205986522505,1.661537846006693,0.19791422889595817,62.27436823104693,,,
F2,buy gap-down 4%,536,1.3299905018729785,4.075550874942634,2.291895865003275,0.4891641355003419,52.23880597014925,,,
F2,"buy gap-down 4%, market filter",407,1.3059554477004784,3.4426235863130006,2.599626321015297,0.3203014489844257,50.368550368550366,,,
F2,short gap-up 4%,451,1.1847988436150259,3.8475762536748817,2.749146021157466,-0.291890948978916,63.19290465631929,,,
F2,"short gap-up 4%, market filter",345,0.953869503765093,3.2926520145879565,2.2144088705209923,-0.215122311215238,62.31884057971014,,,
F2,buy yesterday's losers,1969,-0.3175390112211362,-8.028281349924464,-0.27618952725144713,-0.3589305170241278,40.62976130015236,,,
F2,"buy yesterday's losers, market filter",1511,-0.37157926669567864,-8.367018370009239,-0.3561278557775344,-0.3870921553760968,38.5175380542687,,,
F2,short yesterday's gainers,1969,0.05121822375902228,1.475708791200157,0.03809278114471943,0.06435700523777055,50.83798882681564,,,
F2,"short yesterday's gainers, market filter",1511,0.08598514747620799,2.2507593287810015,0.0923071373783647,0.07963800376807453,53.143613500992714,,,
F3,bull put 2%/4% monthly,94,,-0.5707892277015009,,,78.72340425531915,-253.70259211718064,-395.9079574781105,-123.10582801020391
F3,bull put 2%/4% monthly take-profit,94,,-1.8243003721437794,,,82.97872340425532,-663.6515915259039,-588.8673875203325,-732.3309625514288
F3,bull put 2%/4% monthly trend,76,,-0.9325470891831786,,,76.31578947368422,-481.8789170450656,-895.7609448261106,-109.38509204212497
F3,bull put 2%/4% monthly trend take-profit,76,,-1.8490091039941594,,,81.57894736842105,-776.639000286184,-912.5155411898605,-654.350113472875
F3,bull put 2%/5% monthly,94,,-0.690643950604461,,,78.72340425531915,-438.1904444211166,-644.7841549903324,-248.46152655142907
F3,bull put 2%/5% monthly take-profit,94,,-1.7059887695175704,,,82.97872340425532,-921.5990868640417,-819.3443538344429,-1015.5064947483673
F3,bull put 2%/5% monthly trend,76,,-1.0510185442282838,,,76.31578947368422,-769.4775538626972,-1416.2306136234713,-187.39980007800023
F3,bull put 2%/5% monthly trend take-profit,76,,-1.751635104164945,,,81.57894736842105,-1087.0240687143416,-1323.0853995627763,-874.5688709507498
F3,bull put 3%/5% monthly,94,,-1.093972991569221,,,80.85106382978722,-467.74400993744644,-499.00244985633253,-439.03727939969434
F3,bull put 3%/5% monthly take-profit,94,,-2.142939323750184,,,84.04255319148936,-791.4528937640414,-643.9541326074434,-926.9109397241828
F3,bull put 3%/5% monthly trend,76,,-1.3118427627924811,,,78.94736842105263,-651.1179828440129,-948.4098303866655,-383.55532005562566
F3,bull put 3%/5% monthly trend take-profit,76,,-2.0853164945411016,,,82.89473684210526,-888.8803031142749,-956.5731611093041,-827.956730918749
F3,bull put 3%/6% monthly,94,,-0.9640662941277126,,,80.85106382978722,-565.3174707378187,-542.5883437663317,-586.1911587728576
F3,bull put 3%/6% monthly take-profit,94,,-1.8009803648870606,,,85.1063829787234,-940.6644733805837,-571.4840896434424,-1279.7076829351013
F3,bull put 3%/6% monthly trend,76,,-1.1567479085514767,,,78.94736842105263,-777.3212198885519,-1116.3017060768034,-472.2387823191257
F3,bull put 3%/6% monthly trend take-profit,76,,-1.7122237961180324,,,84.21052631578947,-1021.222858508156,-938.871374391525,-1095.3391942131238
F3,bull put 4%/6% monthly,93,,-1.240685575374173,,,82.79569892473118,-483.0664153643543,-496.2738786949986,-471.2066523735719
F3,bull put 4%/6% monthly take-profit,93,,-2.116390890358996,,,82.79569892473118,-748.1151715929029,-472.27481647806724,-995.8085516960201
F3,bull put 4%/6% monthly trend,76,,-1.3784745314069502,,,81.57894736842105,-606.7215572742757,-878.5110541702761,-362.1110100678754
F3,bull put 4%/6% monthly trend take-profit,76,,-1.9669926329408167,,,81.57894736842105,-785.5720003007889,-698.7447506237487,-863.7165250101249
F3,bull put 4%/7% monthly,94,,-0.8105938230305272,,,84.04255319148936,-389.75638872207486,-159.873758682332,-600.8730897789817
F3,bull put 4%/7% monthly take-profit,94,,-1.7669926541347776,,,86.17021276595744,-786.3055756953726,-293.35593288144327,-1239.0144313408177
F3,bull put 4%/7% monthly trend,76,,-0.9642074708487309,,,82.89473684210526,-516.5687229468422,-640.0924749420816,-405.39734615112684
F3,bull put 4%/7% monthly trend take-profit,76,,-1.6354887939648255,,,85.52631578947368,-810.543347375592,-589.0193390758319,-1009.9149548453764
F3,bull put 5%/7% monthly,94,,-0.6968361268320519,,,88.29787234042553,-196.542932169628,96.5125504721119,-465.67551826918503
F3,bull put 5%/7% monthly take-profit,94,,-2.0059440972950977,,,62.76595744680851,-495.26973029005364,-10.510570690221751,-940.4567135960218
F3,bull put 5%/7% monthly trend,76,,-0.7253696510803848,,,88.1578947368421,-222.1842783171054,-115.09329064916571,-318.5661672182511
F3,bull put 5%/7% monthly trend take-profit,76,,-1.7649123613489643,,,59.210526315789465,-463.1824963258555,-106.00348914930493,-784.643602784751
F3,bull put 5%/8% monthly,94,,-0.44699724959919795,,,88.29787234042553,-165.18516396840417,205.3725467734452,-505.49326567010263
F3,bull put 5%/8% monthly take-profit,94,,-1.6637608529330834,,,74.46808510638297,-561.1410457198403,-11.90095067688812,-1065.5452146368375
F3,bull put 5%/8% monthly trend,76,,-0.5282575639768113,,,88.1578947368421,-210.56030145671033,-77.46216954041569,-330.34862018137557
F3,bull put 5%/8% monthly trend take-profit,76,,-1.453079079968764,,,72.36842105263158,-525.9974164876974,-148.63653449958235,-865.6222102770007
F3,iron condor 3%/5% monthly,94,,-2.001018938914483,,,57.446808510638306,-1037.5863429424458,-696.4617591473337,-1350.8640219379558
F3,iron condor 3%/5% monthly take-profit,94,,-2.1270132152071524,,,70.2127659574468,-846.7073470351576,-219.5789783407781,-1422.6415631830569
F3,iron condor 3%/6% monthly,94,,-1.79064160379686,,,58.51063829787234,-1255.1277455025506,-933.1601478085553,-1550.8122739970363
F3,iron condor 3%/6% monthly take-profit,94,,-1.6746162664019155,,,74.46808510638297,-950.2478920561142,-442.77739979588887,-1416.2922216828517
F3,iron condor 4%/6% monthly,93,,-1.8509507226058983,,,66.66666666666666,-872.7114276096756,-612.315341594773,-1106.5364844393837
F3,iron condor 4%/6% monthly take-profit,93,,-2.3866534041467617,,,72.04301075268818,-914.4381025052138,-504.50736044886344,-1282.5391770047938
F3,iron condor 4%/7% monthly,94,,-1.4571415778658732,,,65.95744680851064,-858.0485344336685,-351.48249062599905,-1323.2622481345893
F3,iron condor 4%/7% monthly take-profit,94,,-2.06135867066701,,,75.53191489361703,-993.493456077446,-366.2925521926657,-1569.4942861757138
F3,iron condor 5%/7% monthly,94,,-1.4851128762737928,,,73.40425531914893,-530.9968658868607,-250.8121390129982,-788.3093701587757
F3,iron condor 5%/7% monthly take-profit,94,,-3.2157365981058716,,,48.93617021276596,-965.2024345169145,-667.332506630554,-1238.7564499227556
F3,iron condor 5%/8% monthly,94,,-1.270941364316183,,,75.53191489361703,-607.6245058386685,-230.61022898310867,-953.8621070325497
F3,iron condor 5%/8% monthly take-profit,94,,-2.7103623803972097,,,61.702127659574465,-1150.2026852243607,-765.7346218821089,-1503.2856005386739
F3,iron condor 6%/8% monthly,94,,-1.3916260870700112,,,77.6595744680851,-379.6446561381378,17.127839550112796,-744.0275603416331
F3,iron condor 6%/8% monthly take-profit,94,,-2.949205154998589,,,28.723404255319153,-651.1885129861707,-258.5891973746655,-1011.7389048742878
F3,iron condor 6%/9% monthly,94,,-0.569816352872596,,,79.7872340425532,-180.3612152902129,218.61690649377945,-546.7696944795936
F3,iron condor 6%/9% monthly take-profit,94,,-1.2490185429170482,,,48.93617021276596,-236.54531037521338,230.7476172177789,-665.691876532043
F3,long straddle monthly,0,,,,,,,,
F3,long strangle 2% monthly,94,,-0.24090945596604377,,,43.61702127659575,-275.60422077393906,-1152.6225514092234,529.8207767482608
F3,bull put 2%/4% weekly,46,,-0.5119694523246807,,,89.13043478260869,-203.7133855378276,,-203.7133855378276
F3,bull put 2%/4% weekly take-profit,46,,-0.9111547397660572,,,56.52173913043478,-333.4596244180456,,-333.4596244180456
F3,bull put 2%/4% weekly trend,36,,-0.06648330313465245,,,91.66666666666666,-26.73790372597354,,-26.73790372597354
F3,bull put 2%/4% weekly trend take-profit,36,,-0.8140350035733315,,,47.22222222222222,-316.31013641708466,,-316.31013641708466
F3,bull put 2%/5% weekly,46,,-0.24451208289683354,,,89.13043478260869,-99.22632670554508,,-99.22632670554508
F3,bull put 2%/5% weekly take-profit,46,,-0.6970069464113923,,,60.86956521739131,-258.83299288630644,,-258.83299288630644
F3,bull put 2%/5% weekly trend,36,,0.15694072906792317,,,91.66666666666666,64.85842868638751,,64.85842868638751
F3,bull put 2%/5% weekly trend take-profit,36,,-0.6518703217487722,,,52.77777777777778,-257.4587154193068,,-257.4587154193068
F3,bull put 3%/5% weekly,46,,-0.0009386658874760911,,,54.347826086956516,-0.10491591228467302,,-0.10491591228467302
F3,bull put 3%/5% weekly take-profit,46,,-2.1584373375696706,,,21.73913043478261,-220.7440458134804,,-220.7440458134804
F3,bull put 3%/5% weekly trend,36,,0.07386406005505142,,,44.44444444444444,8.37505914458201,,8.37505914458201
F3,bull put 3%/5% weekly trend take-profit,36,,-2.1642921620151556,,,11.11111111111111,-220.81887104055687,,-220.81887104055687
F3,bull put 3%/6% weekly,46,,0.6016964961883274,,,63.04347826086957,78.76460216401968,,78.76460216401968
F3,bull put 3%/6% weekly take-profit,46,,-1.383159953441147,,,28.26086956521739,-160.85983420011078,,-160.85983420011078
F3,bull put 3%/6% weekly trend,36,,0.6464522139609674,,,55.55555555555556,91.62800852013758,,91.62800852013758
F3,bull put 3%/6% weekly trend take-profit,36,,-1.2792489463802517,,,16.666666666666664,-157.7673650988902,,-157.7673650988902
F3,bull put 4%/6% weekly,46,,0.031255351109610315,,,21.73913043478261,1.7319755868478128,,1.7319755868478128
F3,bull put 4%/6% weekly take-profit,46,,-4.476658264882724,,,2.1739130434782608,-192.5720014273913,,-192.5720014273913
F3,bull put 4%/6% weekly trend,36,,-0.11107408149553182,,,13.88888888888889,-7.803503522638904,,-7.803503522638904
F3,bull put 4%/6% weekly trend take-profit,36,,-3.630509773680067,,,2.7777777777777777,-197.93152906430555,,-197.93152906430555
F3,bull put 4%/7% weekly,46,,0.658872305041005,,,30.434782608695656,48.62585370489132,,48.62585370489132
F3,bull put 4%/7% weekly take-profit,46,,-2.717521761785589,,,4.3478260869565215,-158.22632357304346,,-158.22632357304346
F3,bull put 4%/7% weekly trend,36,,0.44336487272137926,,,19.444444444444446,41.63772449319444,,41.63772449319444
F3,bull put 4%/7% weekly trend take-profit,36,,-2.2996334028076757,,,2.7777777777777777,-170.26614021138892,,-170.26614021138892
F3,bull put 5%/7% weekly,46,,-1.0947935074872521,,,6.521739130434782,-54.683945153043474,,-54.683945153043474
F3,bull put 5%/7% weekly take-profit,46,,-5.9719106167894855,,,2.1739130434782608,-238.31520970347822,,-238.31520970347822
F3,bull put 5%/7% weekly trend,36,,-0.7613247951021656,,,5.555555555555555,-48.53129625416667,,-48.53129625416667
F3,bull put 5%/7% weekly trend take-profit,36,,-4.676861180674153,,,2.7777777777777777,-238.3520386441667,,-238.3520386441667
F3,bull put 5%/8% weekly,46,,-0.2401564243959291,,,13.043478260869565,-15.47182823815217,,-15.47182823815217
F3,bull put 5%/8% weekly take-profit,46,,-4.024155677894587,,,2.1739130434782608,-210.58174385467393,,-210.58174385467393
F3,bull put 5%/8% weekly trend,36,,-0.06435076334784819,,,8.333333333333332,-5.292297736805555,,-5.292297736805555
F3,bull put 5%/8% weekly trend take-profit,36,,-3.022996950767965,,,2.7777777777777777,-201.8731508163889,,-201.8731508163889
F3,iron condor 3%/5% weekly,46,,0.5568034452161601,,,45.65217391304348,91.64058341162844,,91.64058341162844
F3,iron condor 3%/5% weekly take-profit,46,,-1.9421568887070961,,,13.043478260869565,-312.3302751035889,,-312.3302751035889
F3,iron condor 3%/6% weekly,46,,1.029377738058641,,,54.347826086956516,210.9482487405414,,210.9482487405414
F3,iron condor 3%/6% weekly take-profit,46,,-1.0129193641747634,,,21.73913043478261,-205.77922857576291,,-205.77922857576291
F3,iron condor 4%/6% weekly,46,,-0.6782968984297313,,,15.217391304347828,-62.85137678576087,,-62.85137678576087
F3,iron condor 4%/6% weekly take-profit,46,,-4.063330839166668,,,2.1739130434782608,-405.35493924467386,,-405.35493924467386
F3,iron condor 4%/7% weekly,46,,0.043463570435224315,,,21.73913043478261,5.322015883043462,,5.322015883043462
F3,iron condor 4%/7% weekly take-profit,46,,-2.761982802235521,,,4.3478260869565215,-358.9144629852174,,-358.9144629852174
F3,iron condor 5%/7% weekly,45,,-2.1337668847388263,,,2.2222222222222223,-166.83669918911113,,-166.83669918911113
F3,iron condor 5%/7% weekly take-profit,45,,-5.744309782510142,,,2.2222222222222223,-498.77210891955565,,-498.77210891955565
F3,iron condor 5%/8% weekly,45,,-1.0909979915807781,,,8.88888888888889,-109.91497104155559,,-109.91497104155559
F3,iron condor 5%/8% weekly take-profit,45,,-4.100065056586407,,,2.2222222222222223,-447.1797000255555,,-447.1797000255555
F3,iron condor 6%/8% weekly,45,,-4.438557879728378,,,2.2222222222222223,-230.04529148877782,,-230.04529148877782
F3,iron condor 6%/8% weekly take-profit,45,,-8.342082400671623,,,2.2222222222222223,-513.4743495560001,,-513.4743495560001
F3,iron condor 6%/9% weekly,46,,-2.828237917810588,,,2.1739130434782608,-190.2009193883696,,-190.2009193883696
F3,iron condor 6%/9% weekly take-profit,46,,-6.6570954664525726,,,2.1739130434782608,-503.86202904989113,,-503.86202904989113
F3,long straddle weekly,0,,,,,,,,
F3,long strangle 2% weekly,46,,-1.8318084416751068,,,15.217391304347828,-1107.4292814354321,,-1107.4292814354321
