strategy,group,cagr,maxdd,sharpe,h1,h2,trades
NIFTYBEES hold,benchmark,11.382769254777457,-36.336611022181565,0.8248773479047634,13.897664954068944,8.905997581803282,0
Equal-weight hold (49 stocks),benchmark,17.801500953125537,-40.28991991403932,0.9665087822749666,22.420174689369475,13.325882029807644,0
sma_trend,stocks,8.429864512291774,-38.34738607943336,0.5521654613554128,11.372524245640946,5.544724836610859,82
donchian_breakout,stocks,9.721756143454474,-33.038895654810794,0.6355648635049552,16.40029199698143,3.382673841217909,262
rsi2_pullback,stocks,-7.0710410687713114,-58.022863967284444,-0.4375375910228701,-6.015873158678675,-8.121787676403326,2171
minervini_breakout,stocks,6.08792607737465,-30.1220511961348,0.4830020672936147,7.896830463518301,4.296726176996812,270
weinstein_stage2,stocks,8.404496811346252,-19.496132347349572,0.7438622933644691,7.098664912890351,9.735768706958092,94
leader_pullback,stocks,6.60199674959312,-34.101067693692976,0.5369793323692648,11.165375147706435,2.1952817044811113,1484
momentum_rotation,stocks,16.100586854326913,-24.95116030481066,1.0724202627351922,18.389282509901882,13.840228973969948,349
high52_rotation,stocks,12.968014661113791,-20.863851196525406,0.9694418532084021,14.535038788167931,11.411444050519325,342
clenow_rotation,stocks,12.356785306718443,-32.75163568848834,0.8315440521017493,17.737029278019413,7.186512633833697,429
lowvol_rotation,stocks,10.147838180503443,-27.023931982451067,0.7845718344858763,16.376541641160024,4.211469648632216,37
equal_weight_trend,stocks,16.704117396765273,-13.031178798830146,1.3780380085714297,18.796640074999125,14.633871028117085,424
index_trend,etf,11.22676597261747,-14.03009742373903,1.057805850994061,13.053917940812699,9.416382889261389,9
dual_momentum,etf,14.473624401026019,-36.478041170027595,0.7589372248317828,4.628375460786849,25.325927172433982,28
dual_momentum top2,etf,16.74441188392688,-27.14753105525478,1.1544867186818144,12.925290575260284,20.72143115965408,27
gtaa,etf,14.38062877239945,-13.078077638091212,1.4581395239693686,12.649708722404673,16.150821495254885,40
etf_rsi2,etf,5.9989362310615135,-12.847493928765097,0.8115412627742387,8.13095309756251,3.8941468694457138,263
turn_of_month,etf,6.386155691229045,-19.641007683781233,0.5171062068606533,6.298300290077452,6.474713308225577,129
momentum slots5 exit5,nbr,14.45117460389358,-31.5241827261712,0.8583273455346502,13.929734115223313,14.978759554546972,247
momentum slots5 exit10,nbr,15.737795211912896,-27.986252323812664,0.9239506742543145,17.316381697651995,14.169379105296343,193
momentum slots10 exit10,nbr,15.384383308035288,-25.689544842748035,1.0260771284141623,18.283714937715057,12.53612787009244,424
momentum slots10 exit20,nbr,16.100586854326913,-24.95116030481066,1.0724202627351922,18.389282509901882,13.840228973969948,349
momentum slots15 exit15,nbr,15.70517292704734,-20.953421235282466,1.1500629106952853,18.113746063248826,13.329002234752485,573
momentum slots15 exit30,nbr,16.163282160405256,-20.285693557895957,1.1942122584813335,19.663725362453842,12.741275484879955,485
momentum biweekly,nbr,13.53345021460093,-26.581284785223414,0.932339685086359,16.468387126755623,10.652256739567424,497
momentum quarterly,nbr,8.757627147660596,-39.72272218677786,0.5812912616805472,9.843026770017893,7.675299218699694,167
momentum no filter,nbr,11.530210884796976,-35.48914509582938,0.7130880408056735,14.444101591906078,8.670449278572123,405
eq-weight trend 150d weekly,nbr,13.779596091862523,-22.73089008659349,1.22597235117451,14.24382586059718,13.313950295315813,939
index trend 150d weekly,nbr,10.794118413656495,-19.737488295514282,1.0640902454390389,11.80720926392853,9.78305465878535,20
eq-weight trend 150d monthly,nbr,14.980580034530755,-14.852772733975783,1.2743788018676994,16.939170908975854,13.041126364795108,565
index trend 150d monthly,nbr,9.095162518586019,-18.470753561423315,0.8871513606544609,10.398737625019239,7.797814790270707,12
eq-weight trend 200d weekly,nbr,14.24375386212966,-15.21115432945016,1.2143781734403196,15.672690789678567,12.822430865642055,843
index trend 200d weekly,nbr,9.848568631623223,-14.139574835134184,0.950685907944765,11.35338996040678,8.353530827859768,18
eq-weight trend 200d monthly,nbr,16.704117396765273,-13.031178798830146,1.3780380085714297,18.796640074999125,14.633871028117085,424
index trend 200d monthly,nbr,11.22676597261747,-14.03009742373903,1.057805850994061,13.053917940812699,9.416382889261389,9
eq-weight trend 250d weekly,nbr,15.588451127010261,-18.064897834836945,1.2601441273266327,18.631369601590553,12.60263965904127,565
index trend 250d weekly,nbr,10.063125120669781,-16.854443153490784,0.9442438961046017,12.664172955205345,7.504152960800403,12
eq-weight trend 250d monthly,nbr,17.141683643059725,-16.219335488011446,1.327273893148733,19.96898945148178,14.361485792662144,284
index trend 250d monthly,nbr,10.670443989135991,-16.349018838975283,0.9727615565987192,13.09802831681428,8.27814907003761,6
dual momentum 126d,nbr,11.68018262608883,-38.39322974599556,0.6377510635175465,6.930383658224226,16.677254942316246,37
dual momentum 189d,nbr,12.840698683973105,-33.92905472349534,0.6898251608337194,13.112082131434644,12.568030937625196,30
dual momentum 252d,nbr,14.473624401026019,-36.478041170027595,0.7589372248317828,4.628375460786849,25.325927172433982,28
gtaa 150d,nbr,13.420327662813602,-16.471608708596573,1.4167292119104538,10.906260361016207,16.00999560298517,49
gtaa 200d,nbr,14.38062877239945,-13.078077638091212,1.4581395239693686,12.649708722404673,16.150821495254885,40
gtaa 250d,nbr,15.73441726299678,-14.809104757570346,1.5144779438771594,14.343370994711236,17.15252530765563,29
etf_rsi2 <5,nbr,7.906215398099148,-6.416787686879721,1.4508485619154772,7.097118358559995,8.727281978430113,150
etf_rsi2 <10,nbr,5.9989362310615135,-12.847493928765097,0.8115412627742387,8.13095309756251,3.8941468694457138,263
etf_rsi2 <15,nbr,3.9873725054039966,-19.950860033405704,0.4704516831301099,5.366391388719305,2.6167253894744835,357
