"Index Name","Date","Open","High","Low","Close"
"NIFTY100 QUALITY 30","28 Mar 2013","-","-","-","1298.98"
"NIFTY100 QUALITY 30","26 Mar 2013","-","-","-","1292.08"
"NIFTY100 QUALITY 30","25 Mar 2013","-","-","-","1283.89"
"NIFTY100 QUALITY 30","22 Mar 2013","-","-","-","1290.84"
"NIFTY100 QUALITY 30","21 Mar 2013","-","-","-","1290.30"
"NIFTY100 QUALITY 30","20 Mar 2013","-","-","-","1295.77"
"NIFTY100 QUALITY 30","19 Mar 2013","-","-","-","1299.16"
"NIFTY100 QUALITY 30","18 Mar 2013","-","-","-","1314.11"
"NIFTY100 QUALITY 30","15 Mar 2013","-","-","-","1320.13"
"NIFTY100 QUALITY 30","14 Mar 2013","-","-","-","1317.07"
"NIFTY100 QUALITY 30","13 Mar 2013","-","-","-","1310.98"
"NIFTY100 QUALITY 30","12 Mar 2013","-","-","-","1317.88"
"NIFTY100 QUALITY 30","11 Mar 2013","-","-","-","1323.56"
"NIFTY100 QUALITY 30","08 Mar 2013","-","-","-","1327.03"
"NIFTY100 QUALITY 30","07 Mar 2013","-","-","-","1317.60"
"NIFTY100 QUALITY 30","06 Mar 2013","-","-","-","1308.11"
"NIFTY100 QUALITY 30","05 Mar 2013","-","-","-","1305.67"
"NIFTY100 QUALITY 30","04 Mar 2013","-","-","-","1286.97"
"NIFTY100 QUALITY 30","01 Mar 2013","-","-","-","1297.09"
"NIFTY100 QUALITY 30","28 Feb 2013","-","-","-","1291.27"
"NIFTY100 QUALITY 30","27 Feb 2013","-","-","-","1299.77"
"NIFTY100 QUALITY 30","26 Feb 2013","-","-","-","1297.71"
"NIFTY100 QUALITY 30","25 Feb 2013","-","-","-","1306.58"
"NIFTY100 QUALITY 30","22 Feb 2013","-","-","-","1301.97"
"NIFTY100 QUALITY 30","21 Feb 2013","-","-","-","1301.17"
"NIFTY100 QUALITY 30","20 Feb 2013","-","-","-","1315.85"
"NIFTY100 QUALITY 30","19 Feb 2013","-","-","-","1314.39"
"NIFTY100 QUALITY 30","18 Feb 2013","-","-","-","1302.98"
"NIFTY100 QUALITY 30","15 Feb 2013","-","-","-","1304.80"
"NIFTY100 QUALITY 30","14 Feb 2013","-","-","-","1308.30"
"NIFTY100 QUALITY 30","13 Feb 2013","-","-","-","1312.72"
"NIFTY100 QUALITY 30","12 Feb 2013","-","-","-","1311.48"
"NIFTY100 QUALITY 30","11 Feb 2013","-","-","-","1306.50"
"NIFTY100 QUALITY 30","08 Feb 2013","-","-","-","1310.43"
"NIFTY100 QUALITY 30","07 Feb 2013","-","-","-","1317.34"
"NIFTY100 QUALITY 30","06 Feb 2013","-","-","-","1323.04"
"NIFTY100 QUALITY 30","05 Feb 2013","-","-","-","1318.11"
"NIFTY100 QUALITY 30","04 Feb 2013","-","-","-","1321.79"
"NIFTY100 QUALITY 30","01 Feb 2013","-","-","-","1322.39"
"NIFTY100 QUALITY 30","31 Jan 2013","-","-","-","1327.22"
"NIFTY100 QUALITY 30","30 Jan 2013","-","-","-","1325.47"
"NIFTY100 QUALITY 30","29 Jan 2013","-","-","-","1323.27"
"NIFTY100 QUALITY 30","28 Jan 2013","-","-","-","1328.66"
"NIFTY100 QUALITY 30","25 Jan 2013","-","-","-","1329.17"
"NIFTY100 QUALITY 30","24 Jan 2013","-","-","-","1316.45"
"NIFTY100 QUALITY 30","23 Jan 2013","-","-","-","1318.33"
"NIFTY100 QUALITY 30","22 Jan 2013","-","-","-","1321.66"
"NIFTY100 QUALITY 30","21 Jan 2013","-","-","-","1330.44"
"NIFTY100 QUALITY 30","18 Jan 2013","-","-","-","1325.82"
"NIFTY100 QUALITY 30","17 Jan 2013","-","-","-","1335.56"
"NIFTY100 QUALITY 30","16 Jan 2013","-","-","-","1328.12"
"NIFTY100 QUALITY 30","15 Jan 2013","-","-","-","1337.65"
"NIFTY100 QUALITY 30","14 Jan 2013","-","-","-","1329.11"
"NIFTY100 QUALITY 30","11 Jan 2013","-","-","-","1314.15"
"NIFTY100 QUALITY 30","10 Jan 2013","-","-","-","1301.51"
"NIFTY100 QUALITY 30","09 Jan 2013","-","-","-","1310.55"
"NIFTY100 QUALITY 30","08 Jan 2013","-","-","-","1322.77"
"NIFTY100 QUALITY 30","07 Jan 2013","-","-","-","1322.18"
"NIFTY100 QUALITY 30","04 Jan 2013","-","-","-","1323.57"
"NIFTY100 QUALITY 30","03 Jan 2013","-","-","-","1319.97"
"NIFTY100 QUALITY 30","02 Jan 2013","-","-","-","1314.19"
"NIFTY100 QUALITY 30","01 Jan 2013","-","-","-","1311.43"
"NIFTY100 QUALITY 30","31 Dec 2012","-","-","-","1302.77"
"NIFTY100 QUALITY 30","28 Dec 2012","-","-","-","1303.68"
"NIFTY100 QUALITY 30","27 Dec 2012","-","-","-","1294.07"
"NIFTY100 QUALITY 30","26 Dec 2012","-","-","-","1302.96"
"NIFTY100 QUALITY 30","24 Dec 2012","-","-","-","1296.03"
"NIFTY100 QUALITY 30","21 Dec 2012","-","-","-","1291.91"
"NIFTY100 QUALITY 30","20 Dec 2012","-","-","-","1306.63"
"NIFTY100 QUALITY 30","19 Dec 2012","-","-","-","1305.66"
"NIFTY100 QUALITY 30","18 Dec 2012","-","-","-","1291.53"
"NIFTY100 QUALITY 30","17 Dec 2012","-","-","-","1281.12"
"NIFTY100 QUALITY 30","14 Dec 2012","-","-","-","1286.84"
"NIFTY100 QUALITY 30","13 Dec 2012","-","-","-","1283.31"
"NIFTY100 QUALITY 30","12 Dec 2012","-","-","-","1292.10"
"NIFTY100 QUALITY 30","11 Dec 2012","-","-","-","1293.24"
"NIFTY100 QUALITY 30","10 Dec 2012","-","-","-","1294.22"
"NIFTY100 QUALITY 30","07 Dec 2012","-","-","-","1297.47"
"NIFTY100 QUALITY 30","06 Dec 2012","-","-","-","1302.50"
"NIFTY100 QUALITY 30","05 Dec 2012","-","-","-","1304.50"
"NIFTY100 QUALITY 30","04 Dec 2012","-","-","-","1307.75"
"NIFTY100 QUALITY 30","03 Dec 2012","-","-","-","1311.49"
"NIFTY100 QUALITY 30","30 Nov 2012","-","-","-","1310.50"
"NIFTY100 QUALITY 30","29 Nov 2012","-","-","-","1304.04"
"NIFTY100 QUALITY 30","27 Nov 2012","-","-","-","1292.44"
"NIFTY100 QUALITY 30","26 Nov 2012","-","-","-","1273.19"
"NIFTY100 QUALITY 30","23 Nov 2012","-","-","-","1265.39"
"NIFTY100 QUALITY 30","22 Nov 2012","-","-","-","1263.05"
"NIFTY100 QUALITY 30","21 Nov 2012","-","-","-","1258.95"
"NIFTY100 QUALITY 30","20 Nov 2012","-","-","-","1249.33"
"NIFTY100 QUALITY 30","19 Nov 2012","-","-","-","1251.85"
"NIFTY100 QUALITY 30","16 Nov 2012","-","-","-","1248.64"
"NIFTY100 QUALITY 30","15 Nov 2012","-","-","-","1254.68"
"NIFTY100 QUALITY 30","13 Nov 2012","-","-","-","1265.97"
"NIFTY100 QUALITY 30","12 Nov 2012","-","-","-","1268.52"
"NIFTY100 QUALITY 30","09 Nov 2012","-","-","-","1270.93"
"NIFTY100 QUALITY 30","08 Nov 2012","-","-","-","1278.23"
"NIFTY100 QUALITY 30","07 Nov 2012","-","-","-","1279.72"
"NIFTY100 QUALITY 30","06 Nov 2012","-","-","-","1274.28"
"NIFTY100 QUALITY 30","05 Nov 2012","-","-","-","1273.09"
"NIFTY100 QUALITY 30","02 Nov 2012","-","-","-","1272.75"
"NIFTY100 QUALITY 30","01 Nov 2012","-","-","-","1264.36"
"NIFTY100 QUALITY 30","31 Oct 2012","-","-","-","1257.88"
"NIFTY100 QUALITY 30","30 Oct 2012","-","-","-","1252.90"
"NIFTY100 QUALITY 30","29 Oct 2012","-","-","-","1257.59"
"NIFTY100 QUALITY 30","26 Oct 2012","-","-","-","1255.18"
"NIFTY100 QUALITY 30","25 Oct 2012","-","-","-","1263.75"
"NIFTY100 QUALITY 30","23 Oct 2012","-","-","-","1264.55"
"NIFTY100 QUALITY 30","22 Oct 2012","-","-","-","1272.52"
"NIFTY100 QUALITY 30","19 Oct 2012","-","-","-","1269.00"
"NIFTY100 QUALITY 30","18 Oct 2012","-","-","-","1275.38"
"NIFTY100 QUALITY 30","17 Oct 2012","-","-","-","1268.02"
"NIFTY100 QUALITY 30","16 Oct 2012","-","-","-","1267.39"
"NIFTY100 QUALITY 30","15 Oct 2012","-","-","-","1269.89"
"NIFTY100 QUALITY 30","12 Oct 2012","-","-","-","1269.44"
"NIFTY100 QUALITY 30","11 Oct 2012","-","-","-","1274.99"
"NIFTY100 QUALITY 30","10 Oct 2012","-","-","-","1267.99"
"NIFTY100 QUALITY 30","09 Oct 2012","-","-","-","1276.07"
"NIFTY100 QUALITY 30","08 Oct 2012","-","-","-","1268.06"
"NIFTY100 QUALITY 30","05 Oct 2012","-","-","-","1273.09"
"NIFTY100 QUALITY 30","04 Oct 2012","-","-","-","1280.21"
"NIFTY100 QUALITY 30","03 Oct 2012","-","-","-","1278.07"
"NIFTY100 QUALITY 30","01 Oct 2012","-","-","-","1275.95"
"NIFTY100 QUALITY 30","28 Sep 2012","-","-","-","1268.99"
"NIFTY100 QUALITY 30","27 Sep 2012","-","-","-","1255.20"
"NIFTY100 QUALITY 30","26 Sep 2012","-","-","-","1250.97"
"NIFTY100 QUALITY 30","25 Sep 2012","-","-","-","1251.73"
"NIFTY100 QUALITY 30","24 Sep 2012","-","-","-","1251.01"
"NIFTY100 QUALITY 30","21 Sep 2012","-","-","-","1255.17"
"NIFTY100 QUALITY 30","20 Sep 2012","-","-","-","1237.30"
"NIFTY100 QUALITY 30","18 Sep 2012","-","-","-","1238.03"
"NIFTY100 QUALITY 30","17 Sep 2012","-","-","-","1238.32"
"NIFTY100 QUALITY 30","14 Sep 2012","-","-","-","1249.91"
"NIFTY100 QUALITY 30","13 Sep 2012","-","-","-","1229.78"
"NIFTY100 QUALITY 30","12 Sep 2012","-","-","-","1229.84"
"NIFTY100 QUALITY 30","11 Sep 2012","-","-","-","1218.29"
"NIFTY100 QUALITY 30","10 Sep 2012","-","-","-","1215.56"
"NIFTY100 QUALITY 30","08 Sep 2012","-","-","-","1212.03"
"NIFTY100 QUALITY 30","07 Sep 2012","-","-","-","1208.47"
"NIFTY100 QUALITY 30","06 Sep 2012","-","-","-","1187.06"
"NIFTY100 QUALITY 30","05 Sep 2012","-","-","-","1182.17"
"NIFTY100 QUALITY 30","04 Sep 2012","-","-","-","1185.44"
"NIFTY100 QUALITY 30","03 Sep 2012","-","-","-","1181.00"
"NIFTY100 QUALITY 30","31 Aug 2012","-","-","-","1177.84"
"NIFTY100 QUALITY 30","30 Aug 2012","-","-","-","1191.12"
"NIFTY100 QUALITY 30","29 Aug 2012","-","-","-","1187.04"
"NIFTY100 QUALITY 30","28 Aug 2012","-","-","-","1197.19"
"NIFTY100 QUALITY 30","27 Aug 2012","-","-","-","1198.90"
"NIFTY100 QUALITY 30","24 Aug 2012","-","-","-","1205.27"
"NIFTY100 QUALITY 30","23 Aug 2012","-","-","-","1207.93"
"NIFTY100 QUALITY 30","22 Aug 2012","-","-","-","1200.61"
"NIFTY100 QUALITY 30","21 Aug 2012","-","-","-","1202.51"
"NIFTY100 QUALITY 30","17 Aug 2012","-","-","-","1193.01"
"NIFTY100 QUALITY 30","16 Aug 2012","-","-","-","1190.28"
"NIFTY100 QUALITY 30","14 Aug 2012","-","-","-","1198.33"
"NIFTY100 QUALITY 30","13 Aug 2012","-","-","-","1195.54"
"NIFTY100 QUALITY 30","10 Aug 2012","-","-","-","1190.40"
"NIFTY100 QUALITY 30","09 Aug 2012","-","-","-","1184.50"
"NIFTY100 QUALITY 30","08 Aug 2012","-","-","-","1181.99"
"NIFTY100 QUALITY 30","07 Aug 2012","-","-","-","1183.47"
"NIFTY100 QUALITY 30","06 Aug 2012","-","-","-","1173.00"
"NIFTY100 QUALITY 30","03 Aug 2012","-","-","-","1167.61"
"NIFTY100 QUALITY 30","02 Aug 2012","-","-","-","1171.17"
"NIFTY100 QUALITY 30","01 Aug 2012","-","-","-","1168.87"
"NIFTY100 QUALITY 30","31 Jul 2012","-","-","-","1170.02"
"NIFTY100 QUALITY 30","30 Jul 2012","-","-","-","1166.66"
"NIFTY100 QUALITY 30","27 Jul 2012","-","-","-","1150.21"
"NIFTY100 QUALITY 30","26 Jul 2012","-","-","-","1136.82"
"NIFTY100 QUALITY 30","25 Jul 2012","-","-","-","1147.62"
"NIFTY100 QUALITY 30","24 Jul 2012","-","-","-","1152.83"
"NIFTY100 QUALITY 30","23 Jul 2012","-","-","-","1148.45"
"NIFTY100 QUALITY 30","20 Jul 2012","-","-","-","1167.50"
"NIFTY100 QUALITY 30","19 Jul 2012","-","-","-","1166.94"
"NIFTY100 QUALITY 30","18 Jul 2012","-","-","-","1165.76"
"NIFTY100 QUALITY 30","17 Jul 2012","-","-","-","1156.62"
"NIFTY100 QUALITY 30","16 Jul 2012","-","-","-","1156.04"
"NIFTY100 QUALITY 30","13 Jul 2012","-","-","-","1163.70"
"NIFTY100 QUALITY 30","12 Jul 2012","-","-","-","1166.55"
"NIFTY100 QUALITY 30","11 Jul 2012","-","-","-","1187.57"
"NIFTY100 QUALITY 30","10 Jul 2012","-","-","-","1195.11"
"NIFTY100 QUALITY 30","09 Jul 2012","-","-","-","1180.58"
"NIFTY100 QUALITY 30","06 Jul 2012","-","-","-","1189.88"
"NIFTY100 QUALITY 30","05 Jul 2012","-","-","-","1196.54"
"NIFTY100 QUALITY 30","04 Jul 2012","-","-","-","1193.79"
"NIFTY100 QUALITY 30","03 Jul 2012","-","-","-","1189.03"
"NIFTY100 QUALITY 30","02 Jul 2012","-","-","-","1189.19"
"NIFTY100 QUALITY 30","29 Jun 2012","-","-","-","1194.35"
"NIFTY100 QUALITY 30","28 Jun 2012","-","-","-","1167.93"
"NIFTY100 QUALITY 30","27 Jun 2012","-","-","-","1164.87"
"NIFTY100 QUALITY 30","26 Jun 2012","-","-","-","1160.15"
"NIFTY100 QUALITY 30","25 Jun 2012","-","-","-","1162.03"
"NIFTY100 QUALITY 30","22 Jun 2012","-","-","-","1168.28"
"NIFTY100 QUALITY 30","21 Jun 2012","-","-","-","1172.94"
"NIFTY100 QUALITY 30","20 Jun 2012","-","-","-","1164.99"
"NIFTY100 QUALITY 30","19 Jun 2012","-","-","-","1163.39"
"NIFTY100 QUALITY 30","18 Jun 2012","-","-","-","1155.08"
"NIFTY100 QUALITY 30","15 Jun 2012","-","-","-","1164.52"
"NIFTY100 QUALITY 30","14 Jun 2012","-","-","-","1147.58"
"NIFTY100 QUALITY 30","13 Jun 2012","-","-","-","1156.61"
"NIFTY100 QUALITY 30","12 Jun 2012","-","-","-","1148.83"
"NIFTY100 QUALITY 30","11 Jun 2012","-","-","-","1136.21"
"NIFTY100 QUALITY 30","08 Jun 2012","-","-","-","1138.44"
"NIFTY100 QUALITY 30","07 Jun 2012","-","-","-","1134.79"
"NIFTY100 QUALITY 30","06 Jun 2012","-","-","-","1128.48"
"NIFTY100 QUALITY 30","05 Jun 2012","-","-","-","1096.19"
"NIFTY100 QUALITY 30","04 Jun 2012","-","-","-","1095.42"
"NIFTY100 QUALITY 30","01 Jun 2012","-","-","-","1101.97"
"NIFTY100 QUALITY 30","31 May 2012","-","-","-","1116.69"
"NIFTY100 QUALITY 30","30 May 2012","-","-","-","1118.11"
"NIFTY100 QUALITY 30","29 May 2012","-","-","-","1116.02"
"NIFTY100 QUALITY 30","28 May 2012","-","-","-","1114.67"
"NIFTY100 QUALITY 30","25 May 2012","-","-","-","1105.01"
"NIFTY100 QUALITY 30","24 May 2012","-","-","-","1103.73"
"NIFTY100 QUALITY 30","23 May 2012","-","-","-","1091.91"
"NIFTY100 QUALITY 30","22 May 2012","-","-","-","1098.93"
"NIFTY100 QUALITY 30","21 May 2012","-","-","-","1110.55"
"NIFTY100 QUALITY 30","18 May 2012","-","-","-","1111.14"
"NIFTY100 QUALITY 30","17 May 2012","-","-","-","1112.87"
"NIFTY100 QUALITY 30","16 May 2012","-","-","-","1113.26"
"NIFTY100 QUALITY 30","15 May 2012","-","-","-","1128.99"
"NIFTY100 QUALITY 30","14 May 2012","-","-","-","1116.81"
"NIFTY100 QUALITY 30","11 May 2012","-","-","-","1110.12"
"NIFTY100 QUALITY 30","10 May 2012","-","-","-","1122.90"
"NIFTY100 QUALITY 30","09 May 2012","-","-","-","1128.30"
"NIFTY100 QUALITY 30","08 May 2012","-","-","-","1123.82"
"NIFTY100 QUALITY 30","07 May 2012","-","-","-","1148.65"
"NIFTY100 QUALITY 30","04 May 2012","-","-","-","1139.57"
"NIFTY100 QUALITY 30","03 May 2012","-","-","-","1157.32"
"NIFTY100 QUALITY 30","02 May 2012","-","-","-","1164.52"
"NIFTY100 QUALITY 30","30 Apr 2012","-","-","-","1164.50"
"NIFTY100 QUALITY 30","28 Apr 2012","-","-","-","1151.10"
"NIFTY100 QUALITY 30","27 Apr 2012","-","-","-","1148.10"
"NIFTY100 QUALITY 30","26 Apr 2012","-","-","-","1148.41"
"NIFTY100 QUALITY 30","25 Apr 2012","-","-","-","1149.20"
"NIFTY100 QUALITY 30","24 Apr 2012","-","-","-","1152.63"
"NIFTY100 QUALITY 30","23 Apr 2012","-","-","-","1142.35"
"NIFTY100 QUALITY 30","20 Apr 2012","-","-","-","1163.93"
"NIFTY100 QUALITY 30","19 Apr 2012","-","-","-","1171.43"
"NIFTY100 QUALITY 30","18 Apr 2012","-","-","-","1165.55"
"NIFTY100 QUALITY 30","17 Apr 2012","-","-","-","1161.95"
"NIFTY100 QUALITY 30","16 Apr 2012","-","-","-","1146.60"
"NIFTY100 QUALITY 30","13 Apr 2012","-","-","-","1146.46"
"NIFTY100 QUALITY 30","12 Apr 2012","-","-","-","1168.60"
"NIFTY100 QUALITY 30","11 Apr 2012","-","-","-","1160.37"
"NIFTY100 QUALITY 30","10 Apr 2012","-","-","-","1167.29"
"NIFTY100 QUALITY 30","09 Apr 2012","-","-","-","1167.53"
"NIFTY100 QUALITY 30","04 Apr 2012","-","-","-","1184.35"
"NIFTY100 QUALITY 30","03 Apr 2012","-","-","-","1191.34"
"NIFTY100 QUALITY 30","02 Apr 2012","-","-","-","1189.07"